census region,housing types,technology,vintage,2009,2010,2011,2012,2013,2014,2015,2016,final_energy
66,28,29,2008,0.0,0.0,0.0,0.0,0.0,0.0,0.0,0.0,9999.0
66,28,29,2009,0.0,0.0,0.0,0.0,0.0,0.0,0.0,0.0,9999.0
66,28,29,2010,0.0,0.0,0.0,0.0,0.0,0.0,0.0,0.0,9999.0
66,28,29,2011,0.0,0.0,0.0,0.0,0.0,0.0,0.0,0.0,9999.0
66,28,29,2012,0.0,0.0,0.0,0.0,0.0,0.0,0.0,0.0,9999.0
66,28,29,2013,0.0,0.0,0.0,0.0,0.0,0.0,0.0,0.0,9999.0
66,28,29,2014,0.0,0.0,0.0,0.0,0.0,0.0,0.0,0.0,9999.0
66,28,29,2015,0.0,0.0,0.0,0.0,0.0,0.0,0.0,0.0,9999.0
66,28,29,2016,0.0,0.0,0.0,0.0,0.0,0.0,0.0,0.0,9999.0
66,28,31,2008,0.0,0.0,0.0,0.0,0.0,0.0,0.0,0.0,9999.0
66,28,31,2009,0.0,0.0,0.0,0.0,0.0,0.0,0.0,0.0,9999.0
66,28,31,2010,0.0,0.0,0.0,0.0,0.0,0.0,0.0,0.0,9999.0
66,28,31,2011,0.0,0.0,0.0,0.0,0.0,0.0,0.0,0.0,9999.0
66,28,31,2012,0.0,0.0,0.0,0.0,0.0,0.0,0.0,0.0,9999.0
66,28,31,2013,0.0,0.0,0.0,0.0,0.0,0.0,0.0,0.0,9999.0
66,28,31,2014,0.0,0.0,0.0,0.0,0.0,0.0,0.0,0.0,9999.0
66,28,31,2015,0.0,0.0,0.0,0.0,0.0,0.0,0.0,0.0,9999.0
66,28,31,2016,0.0,0.0,0.0,0.0,0.0,0.0,0.0,0.0,9999.0
66,28,33,2008,0.0,0.0,0.0,0.0,0.0,0.0,0.0,0.0,9999.0
66,28,33,2009,0.0,0.0,0.0,0.0,0.0,0.0,0.0,0.0,9999.0
66,28,33,2010,0.0,0.0,0.0,0.0,0.0,0.0,0.0,0.0,9999.0
66,28,33,2011,0.0,0.0,0.0,0.0,0.0,0.0,0.0,0.0,9999.0
66,28,33,2012,0.0,0.0,0.0,0.0,0.0,0.0,0.0,0.0,9999.0
66,28,33,2013,0.0,0.0,0.0,0.0,0.0,0.0,0.0,0.0,9999.0
66,28,33,2014,0.0,0.0,0.0,0.0,0.0,0.0,0.0,0.0,9999.0
66,28,33,2015,0.0,0.0,0.0,0.0,0.0,0.0,0.0,0.0,9999.0
66,28,33,2016,0.0,0.0,0.0,0.0,0.0,0.0,0.0,0.0,9999.0
66,28,35,2008,0.0,0.0,0.0,0.0,0.0,0.0,0.0,0.0,9999.0
66,28,35,2009,0.0,0.0,0.0,0.0,0.0,0.0,0.0,0.0,9999.0
66,28,35,2010,0.0,0.0,0.0,0.0,0.0,0.0,0.0,0.0,9999.0
66,28,35,2011,0.0,0.0,0.0,0.0,0.0,0.0,0.0,0.0,9999.0
66,28,35,2012,0.0,0.0,0.0,0.0,0.0,0.0,0.0,0.0,9999.0
66,28,35,2013,0.0,0.0,0.0,0.0,0.0,0.0,0.0,0.0,9999.0
66,28,35,2014,0.0,0.0,0.0,0.0,0.0,0.0,0.0,0.0,9999.0
66,28,35,2015,0.0,0.0,0.0,0.0,0.0,0.0,0.0,0.0,9999.0
66,28,35,2016,0.0,0.0,0.0,0.0,0.0,0.0,0.0,0.0,9999.0
66,28,38,2008,2803.29729907,2659.53858116,2515.78248854,2372.04093859,2228.34590603,2084.76271907,1941.40547645,1798.45407939,2.0
66,28,38,2009,288.1054812,288.105244879,288.099983564,288.07083877,287.97761377,287.753465255,287.300652726,286.487302155,2.0
66,28,38,2010,0.0,297.907285672,297.90704131,297.901600997,297.871464651,297.775067989,297.543293587,297.075075659,2.0
66,28,38,2011,0.0,0.0,294.587853185,294.587611546,294.582231852,294.5524313,294.457108739,294.227916883,2.0
66,28,38,2012,0.0,0.0,0.0,292.940463718,292.940223431,292.934873821,292.905239919,292.810450419,2.0
66,28,38,2013,0.0,0.0,0.0,0.0,291.416514244,291.416275206,291.410953427,291.381473688,2.0
66,28,38,2014,0.0,0.0,0.0,0.0,0.0,290.317170971,290.316932835,290.311631131,2.0
66,28,38,2015,0.0,0.0,0.0,0.0,0.0,0.0,291.162576493,291.162337663,2.0
66,28,38,2016,0.0,0.0,0.0,0.0,0.0,0.0,0.0,290.273165152,2.0
66,29,29,2008,0.0,0.0,0.0,0.0,0.0,0.0,0.0,0.0,9999.0
66,29,29,2009,0.0,0.0,0.0,0.0,0.0,0.0,0.0,0.0,9999.0
66,29,29,2010,0.0,0.0,0.0,0.0,0.0,0.0,0.0,0.0,9999.0
66,29,29,2011,0.0,0.0,0.0,0.0,0.0,0.0,0.0,0.0,9999.0
66,29,29,2012,0.0,0.0,0.0,0.0,0.0,0.0,0.0,0.0,9999.0
66,29,29,2013,0.0,0.0,0.0,0.0,0.0,0.0,0.0,0.0,9999.0
66,29,29,2014,0.0,0.0,0.0,0.0,0.0,0.0,0.0,0.0,9999.0
66,29,29,2015,0.0,0.0,0.0,0.0,0.0,0.0,0.0,0.0,9999.0
66,29,29,2016,0.0,0.0,0.0,0.0,0.0,0.0,0.0,0.0,9999.0
66,29,31,2008,0.0,0.0,0.0,0.0,0.0,0.0,0.0,0.0,9999.0
66,29,31,2009,0.0,0.0,0.0,0.0,0.0,0.0,0.0,0.0,9999.0
66,29,31,2010,0.0,0.0,0.0,0.0,0.0,0.0,0.0,0.0,9999.0
66,29,31,2011,0.0,0.0,0.0,0.0,0.0,0.0,0.0,0.0,9999.0
66,29,31,2012,0.0,0.0,0.0,0.0,0.0,0.0,0.0,0.0,9999.0
66,29,31,2013,0.0,0.0,0.0,0.0,0.0,0.0,0.0,0.0,9999.0
66,29,31,2014,0.0,0.0,0.0,0.0,0.0,0.0,0.0,0.0,9999.0
66,29,31,2015,0.0,0.0,0.0,0.0,0.0,0.0,0.0,0.0,9999.0
66,29,31,2016,0.0,0.0,0.0,0.0,0.0,0.0,0.0,0.0,9999.0
66,29,33,2008,0.0,0.0,0.0,0.0,0.0,0.0,0.0,0.0,9999.0
66,29,33,2009,0.0,0.0,0.0,0.0,0.0,0.0,0.0,0.0,9999.0
66,29,33,2010,0.0,0.0,0.0,0.0,0.0,0.0,0.0,0.0,9999.0
66,29,33,2011,0.0,0.0,0.0,0.0,0.0,0.0,0.0,0.0,9999.0
66,29,33,2012,0.0,0.0,0.0,0.0,0.0,0.0,0.0,0.0,9999.0
66,29,33,2013,0.0,0.0,0.0,0.0,0.0,0.0,0.0,0.0,9999.0
66,29,33,2014,0.0,0.0,0.0,0.0,0.0,0.0,0.0,0.0,9999.0
66,29,33,2015,0.0,0.0,0.0,0.0,0.0,0.0,0.0,0.0,9999.0
66,29,33,2016,0.0,0.0,0.0,0.0,0.0,0.0,0.0,0.0,9999.0
66,29,35,2008,0.0,0.0,0.0,0.0,0.0,0.0,0.0,0.0,9999.0
66,29,35,2009,0.0,0.0,0.0,0.0,0.0,0.0,0.0,0.0,9999.0
66,29,35,2010,0.0,0.0,0.0,0.0,0.0,0.0,0.0,0.0,9999.0
66,29,35,2011,0.0,0.0,0.0,0.0,0.0,0.0,0.0,0.0,9999.0
66,29,35,2012,0.0,0.0,0.0,0.0,0.0,0.0,0.0,0.0,9999.0
66,29,35,2013,0.0,0.0,0.0,0.0,0.0,0.0,0.0,0.0,9999.0
66,29,35,2014,0.0,0.0,0.0,0.0,0.0,0.0,0.0,0.0,9999.0
66,29,35,2015,0.0,0.0,0.0,0.0,0.0,0.0,0.0,0.0,9999.0
66,29,35,2016,0.0,0.0,0.0,0.0,0.0,0.0,0.0,0.0,9999.0
66,29,38,2008,0.0,0.0,0.0,0.0,0.0,0.0,0.0,0.0,2.0
66,29,38,2009,0.0,0.0,0.0,0.0,0.0,0.0,0.0,0.0,2.0
66,29,38,2010,0.0,0.0,0.0,0.0,0.0,0.0,0.0,0.0,2.0
66,29,38,2011,0.0,0.0,0.0,0.0,0.0,0.0,0.0,0.0,2.0
66,29,38,2012,0.0,0.0,0.0,0.0,0.0,0.0,0.0,0.0,2.0
66,29,38,2013,0.0,0.0,0.0,0.0,0.0,0.0,0.0,0.0,2.0
66,29,38,2014,0.0,0.0,0.0,0.0,0.0,0.0,0.0,0.0,2.0
66,29,38,2015,0.0,0.0,0.0,0.0,0.0,0.0,0.0,0.0,2.0
66,29,38,2016,0.0,0.0,0.0,0.0,0.0,0.0,0.0,0.0,2.0
66,30,29,2008,0.0,0.0,0.0,0.0,0.0,0.0,0.0,0.0,9999.0
66,30,29,2009,0.0,0.0,0.0,0.0,0.0,0.0,0.0,0.0,9999.0
66,30,29,2010,0.0,0.0,0.0,0.0,0.0,0.0,0.0,0.0,9999.0
66,30,29,2011,0.0,0.0,0.0,0.0,0.0,0.0,0.0,0.0,9999.0
66,30,29,2012,0.0,0.0,0.0,0.0,0.0,0.0,0.0,0.0,9999.0
66,30,29,2013,0.0,0.0,0.0,0.0,0.0,0.0,0.0,0.0,9999.0
66,30,29,2014,0.0,0.0,0.0,0.0,0.0,0.0,0.0,0.0,9999.0
66,30,29,2015,0.0,0.0,0.0,0.0,0.0,0.0,0.0,0.0,9999.0
66,30,29,2016,0.0,0.0,0.0,0.0,0.0,0.0,0.0,0.0,9999.0
66,30,31,2008,0.0,0.0,0.0,0.0,0.0,0.0,0.0,0.0,9999.0
66,30,31,2009,0.0,0.0,0.0,0.0,0.0,0.0,0.0,0.0,9999.0
66,30,31,2010,0.0,0.0,0.0,0.0,0.0,0.0,0.0,0.0,9999.0
66,30,31,2011,0.0,0.0,0.0,0.0,0.0,0.0,0.0,0.0,9999.0
66,30,31,2012,0.0,0.0,0.0,0.0,0.0,0.0,0.0,0.0,9999.0
66,30,31,2013,0.0,0.0,0.0,0.0,0.0,0.0,0.0,0.0,9999.0
66,30,31,2014,0.0,0.0,0.0,0.0,0.0,0.0,0.0,0.0,9999.0
66,30,31,2015,0.0,0.0,0.0,0.0,0.0,0.0,0.0,0.0,9999.0
66,30,31,2016,0.0,0.0,0.0,0.0,0.0,0.0,0.0,0.0,9999.0
66,30,33,2008,0.0,0.0,0.0,0.0,0.0,0.0,0.0,0.0,9999.0
66,30,33,2009,0.0,0.0,0.0,0.0,0.0,0.0,0.0,0.0,9999.0
66,30,33,2010,0.0,0.0,0.0,0.0,0.0,0.0,0.0,0.0,9999.0
66,30,33,2011,0.0,0.0,0.0,0.0,0.0,0.0,0.0,0.0,9999.0
66,30,33,2012,0.0,0.0,0.0,0.0,0.0,0.0,0.0,0.0,9999.0
66,30,33,2013,0.0,0.0,0.0,0.0,0.0,0.0,0.0,0.0,9999.0
66,30,33,2014,0.0,0.0,0.0,0.0,0.0,0.0,0.0,0.0,9999.0
66,30,33,2015,0.0,0.0,0.0,0.0,0.0,0.0,0.0,0.0,9999.0
66,30,33,2016,0.0,0.0,0.0,0.0,0.0,0.0,0.0,0.0,9999.0
66,30,35,2008,0.0,0.0,0.0,0.0,0.0,0.0,0.0,0.0,9999.0
66,30,35,2009,0.0,0.0,0.0,0.0,0.0,0.0,0.0,0.0,9999.0
66,30,35,2010,0.0,0.0,0.0,0.0,0.0,0.0,0.0,0.0,9999.0
66,30,35,2011,0.0,0.0,0.0,0.0,0.0,0.0,0.0,0.0,9999.0
66,30,35,2012,0.0,0.0,0.0,0.0,0.0,0.0,0.0,0.0,9999.0
66,30,35,2013,0.0,0.0,0.0,0.0,0.0,0.0,0.0,0.0,9999.0
66,30,35,2014,0.0,0.0,0.0,0.0,0.0,0.0,0.0,0.0,9999.0
66,30,35,2015,0.0,0.0,0.0,0.0,0.0,0.0,0.0,0.0,9999.0
66,30,35,2016,0.0,0.0,0.0,0.0,0.0,0.0,0.0,0.0,9999.0
66,30,38,2008,0.0,0.0,0.0,0.0,0.0,0.0,0.0,0.0,2.0
66,30,38,2009,0.0,0.0,0.0,0.0,0.0,0.0,0.0,0.0,2.0
66,30,38,2010,0.0,0.0,0.0,0.0,0.0,0.0,0.0,0.0,2.0
66,30,38,2011,0.0,0.0,0.0,0.0,0.0,0.0,0.0,0.0,2.0
66,30,38,2012,0.0,0.0,0.0,0.0,0.0,0.0,0.0,0.0,2.0
66,30,38,2013,0.0,0.0,0.0,0.0,0.0,0.0,0.0,0.0,2.0
66,30,38,2014,0.0,0.0,0.0,0.0,0.0,0.0,0.0,0.0,2.0
66,30,38,2015,0.0,0.0,0.0,0.0,0.0,0.0,0.0,0.0,2.0
66,30,38,2016,0.0,0.0,0.0,0.0,0.0,0.0,0.0,0.0,2.0
67,28,29,2008,0.0,0.0,0.0,0.0,0.0,0.0,0.0,0.0,9999.0
67,28,29,2009,0.0,0.0,0.0,0.0,0.0,0.0,0.0,0.0,9999.0
67,28,29,2010,0.0,0.0,0.0,0.0,0.0,0.0,0.0,0.0,9999.0
67,28,29,2011,0.0,0.0,0.0,0.0,0.0,0.0,0.0,0.0,9999.0
67,28,29,2012,0.0,0.0,0.0,0.0,0.0,0.0,0.0,0.0,9999.0
67,28,29,2013,0.0,0.0,0.0,0.0,0.0,0.0,0.0,0.0,9999.0
67,28,29,2014,0.0,0.0,0.0,0.0,0.0,0.0,0.0,0.0,9999.0
67,28,29,2015,0.0,0.0,0.0,0.0,0.0,0.0,0.0,0.0,9999.0
67,28,29,2016,0.0,0.0,0.0,0.0,0.0,0.0,0.0,0.0,9999.0
67,28,31,2008,0.0,0.0,0.0,0.0,0.0,0.0,0.0,0.0,9999.0
67,28,31,2009,0.0,0.0,0.0,0.0,0.0,0.0,0.0,0.0,9999.0
67,28,31,2010,0.0,0.0,0.0,0.0,0.0,0.0,0.0,0.0,9999.0
67,28,31,2011,0.0,0.0,0.0,0.0,0.0,0.0,0.0,0.0,9999.0
67,28,31,2012,0.0,0.0,0.0,0.0,0.0,0.0,0.0,0.0,9999.0
67,28,31,2013,0.0,0.0,0.0,0.0,0.0,0.0,0.0,0.0,9999.0
67,28,31,2014,0.0,0.0,0.0,0.0,0.0,0.0,0.0,0.0,9999.0
67,28,31,2015,0.0,0.0,0.0,0.0,0.0,0.0,0.0,0.0,9999.0
67,28,31,2016,0.0,0.0,0.0,0.0,0.0,0.0,0.0,0.0,9999.0
67,28,33,2008,0.0,0.0,0.0,0.0,0.0,0.0,0.0,0.0,9999.0
67,28,33,2009,0.0,0.0,0.0,0.0,0.0,0.0,0.0,0.0,9999.0
67,28,33,2010,0.0,0.0,0.0,0.0,0.0,0.0,0.0,0.0,9999.0
67,28,33,2011,0.0,0.0,0.0,0.0,0.0,0.0,0.0,0.0,9999.0
67,28,33,2012,0.0,0.0,0.0,0.0,0.0,0.0,0.0,0.0,9999.0
67,28,33,2013,0.0,0.0,0.0,0.0,0.0,0.0,0.0,0.0,9999.0
67,28,33,2014,0.0,0.0,0.0,0.0,0.0,0.0,0.0,0.0,9999.0
67,28,33,2015,0.0,0.0,0.0,0.0,0.0,0.0,0.0,0.0,9999.0
67,28,33,2016,0.0,0.0,0.0,0.0,0.0,0.0,0.0,0.0,9999.0
67,28,35,2008,0.0,0.0,0.0,0.0,0.0,0.0,0.0,0.0,9999.0
67,28,35,2009,0.0,0.0,0.0,0.0,0.0,0.0,0.0,0.0,9999.0
67,28,35,2010,0.0,0.0,0.0,0.0,0.0,0.0,0.0,0.0,9999.0
67,28,35,2011,0.0,0.0,0.0,0.0,0.0,0.0,0.0,0.0,9999.0
67,28,35,2012,0.0,0.0,0.0,0.0,0.0,0.0,0.0,0.0,9999.0
67,28,35,2013,0.0,0.0,0.0,0.0,0.0,0.0,0.0,0.0,9999.0
67,28,35,2014,0.0,0.0,0.0,0.0,0.0,0.0,0.0,0.0,9999.0
67,28,35,2015,0.0,0.0,0.0,0.0,0.0,0.0,0.0,0.0,9999.0
67,28,35,2016,0.0,0.0,0.0,0.0,0.0,0.0,0.0,0.0,9999.0
67,28,38,2008,0.0,0.0,0.0,0.0,0.0,0.0,0.0,0.0,2.0
67,28,38,2009,0.0,0.0,0.0,0.0,0.0,0.0,0.0,0.0,2.0
67,28,38,2010,0.0,0.0,0.0,0.0,0.0,0.0,0.0,0.0,2.0
67,28,38,2011,0.0,0.0,0.0,0.0,0.0,0.0,0.0,0.0,2.0
67,28,38,2012,0.0,0.0,0.0,0.0,0.0,0.0,0.0,0.0,2.0
67,28,38,2013,0.0,0.0,0.0,0.0,0.0,0.0,0.0,0.0,2.0
67,28,38,2014,0.0,0.0,0.0,0.0,0.0,0.0,0.0,0.0,2.0
67,28,38,2015,0.0,0.0,0.0,0.0,0.0,0.0,0.0,0.0,2.0
67,28,38,2016,0.0,0.0,0.0,0.0,0.0,0.0,0.0,0.0,2.0
67,29,29,2008,0.0,0.0,0.0,0.0,0.0,0.0,0.0,0.0,9999.0
67,29,29,2009,0.0,0.0,0.0,0.0,0.0,0.0,0.0,0.0,9999.0
67,29,29,2010,0.0,0.0,0.0,0.0,0.0,0.0,0.0,0.0,9999.0
67,29,29,2011,0.0,0.0,0.0,0.0,0.0,0.0,0.0,0.0,9999.0
67,29,29,2012,0.0,0.0,0.0,0.0,0.0,0.0,0.0,0.0,9999.0
67,29,29,2013,0.0,0.0,0.0,0.0,0.0,0.0,0.0,0.0,9999.0
67,29,29,2014,0.0,0.0,0.0,0.0,0.0,0.0,0.0,0.0,9999.0
67,29,29,2015,0.0,0.0,0.0,0.0,0.0,0.0,0.0,0.0,9999.0
67,29,29,2016,0.0,0.0,0.0,0.0,0.0,0.0,0.0,0.0,9999.0
67,29,31,2008,0.0,0.0,0.0,0.0,0.0,0.0,0.0,0.0,9999.0
67,29,31,2009,0.0,0.0,0.0,0.0,0.0,0.0,0.0,0.0,9999.0
67,29,31,2010,0.0,0.0,0.0,0.0,0.0,0.0,0.0,0.0,9999.0
67,29,31,2011,0.0,0.0,0.0,0.0,0.0,0.0,0.0,0.0,9999.0
67,29,31,2012,0.0,0.0,0.0,0.0,0.0,0.0,0.0,0.0,9999.0
67,29,31,2013,0.0,0.0,0.0,0.0,0.0,0.0,0.0,0.0,9999.0
67,29,31,2014,0.0,0.0,0.0,0.0,0.0,0.0,0.0,0.0,9999.0
67,29,31,2015,0.0,0.0,0.0,0.0,0.0,0.0,0.0,0.0,9999.0
67,29,31,2016,0.0,0.0,0.0,0.0,0.0,0.0,0.0,0.0,9999.0
67,29,33,2008,0.0,0.0,0.0,0.0,0.0,0.0,0.0,0.0,9999.0
67,29,33,2009,0.0,0.0,0.0,0.0,0.0,0.0,0.0,0.0,9999.0
67,29,33,2010,0.0,0.0,0.0,0.0,0.0,0.0,0.0,0.0,9999.0
67,29,33,2011,0.0,0.0,0.0,0.0,0.0,0.0,0.0,0.0,9999.0
67,29,33,2012,0.0,0.0,0.0,0.0,0.0,0.0,0.0,0.0,9999.0
67,29,33,2013,0.0,0.0,0.0,0.0,0.0,0.0,0.0,0.0,9999.0
67,29,33,2014,0.0,0.0,0.0,0.0,0.0,0.0,0.0,0.0,9999.0
67,29,33,2015,0.0,0.0,0.0,0.0,0.0,0.0,0.0,0.0,9999.0
67,29,33,2016,0.0,0.0,0.0,0.0,0.0,0.0,0.0,0.0,9999.0
67,29,35,2008,0.0,0.0,0.0,0.0,0.0,0.0,0.0,0.0,9999.0
67,29,35,2009,0.0,0.0,0.0,0.0,0.0,0.0,0.0,0.0,9999.0
67,29,35,2010,0.0,0.0,0.0,0.0,0.0,0.0,0.0,0.0,9999.0
67,29,35,2011,0.0,0.0,0.0,0.0,0.0,0.0,0.0,0.0,9999.0
67,29,35,2012,0.0,0.0,0.0,0.0,0.0,0.0,0.0,0.0,9999.0
67,29,35,2013,0.0,0.0,0.0,0.0,0.0,0.0,0.0,0.0,9999.0
67,29,35,2014,0.0,0.0,0.0,0.0,0.0,0.0,0.0,0.0,9999.0
67,29,35,2015,0.0,0.0,0.0,0.0,0.0,0.0,0.0,0.0,9999.0
67,29,35,2016,0.0,0.0,0.0,0.0,0.0,0.0,0.0,0.0,9999.0
67,29,38,2008,21194.1373682,20107.2594204,19020.401321,17933.6531705,16847.2567115,15761.7058535,14677.8632323,13597.0889786,2.0
67,29,38,2009,2101.4881987,2101.48647493,2101.44809805,2101.23551118,2100.55551289,2098.92053719,2095.61764902,2089.68493778,2.0
67,29,38,2010,0.0,2169.58141732,2169.5796377,2169.54001731,2169.32054213,2168.61851027,2166.93055747,2163.52064786,2.0
67,29,38,2011,0.0,0.0,2149.90465032,2149.90288684,2149.86362579,2149.64614111,2148.95047624,2147.27783214,2.0
67,29,38,2012,0.0,0.0,0.0,2142.73814511,2142.7363875,2142.69725732,2142.48049761,2141.78715168,2.0
67,29,38,2013,0.0,0.0,0.0,0.0,2135.72048714,2135.71873529,2135.67973327,2135.46368346,2.0
67,29,38,2014,0.0,0.0,0.0,0.0,0.0,2128.84098401,2128.83923781,2128.80036141,2.0
67,29,38,2015,0.0,0.0,0.0,0.0,0.0,0.0,2133.01315916,2133.01140953,2.0
67,29,38,2016,0.0,0.0,0.0,0.0,0.0,0.0,0.0,2123.18842649,2.0
67,30,29,2008,0.0,0.0,0.0,0.0,0.0,0.0,0.0,0.0,9999.0
67,30,29,2009,0.0,0.0,0.0,0.0,0.0,0.0,0.0,0.0,9999.0
67,30,29,2010,0.0,0.0,0.0,0.0,0.0,0.0,0.0,0.0,9999.0
67,30,29,2011,0.0,0.0,0.0,0.0,0.0,0.0,0.0,0.0,9999.0
67,30,29,2012,0.0,0.0,0.0,0.0,0.0,0.0,0.0,0.0,9999.0
67,30,29,2013,0.0,0.0,0.0,0.0,0.0,0.0,0.0,0.0,9999.0
67,30,29,2014,0.0,0.0,0.0,0.0,0.0,0.0,0.0,0.0,9999.0
67,30,29,2015,0.0,0.0,0.0,0.0,0.0,0.0,0.0,0.0,9999.0
67,30,29,2016,0.0,0.0,0.0,0.0,0.0,0.0,0.0,0.0,9999.0
67,30,31,2008,0.0,0.0,0.0,0.0,0.0,0.0,0.0,0.0,9999.0
67,30,31,2009,0.0,0.0,0.0,0.0,0.0,0.0,0.0,0.0,9999.0
67,30,31,2010,0.0,0.0,0.0,0.0,0.0,0.0,0.0,0.0,9999.0
67,30,31,2011,0.0,0.0,0.0,0.0,0.0,0.0,0.0,0.0,9999.0
67,30,31,2012,0.0,0.0,0.0,0.0,0.0,0.0,0.0,0.0,9999.0
67,30,31,2013,0.0,0.0,0.0,0.0,0.0,0.0,0.0,0.0,9999.0
67,30,31,2014,0.0,0.0,0.0,0.0,0.0,0.0,0.0,0.0,9999.0
67,30,31,2015,0.0,0.0,0.0,0.0,0.0,0.0,0.0,0.0,9999.0
67,30,31,2016,0.0,0.0,0.0,0.0,0.0,0.0,0.0,0.0,9999.0
67,30,33,2008,0.0,0.0,0.0,0.0,0.0,0.0,0.0,0.0,9999.0
67,30,33,2009,0.0,0.0,0.0,0.0,0.0,0.0,0.0,0.0,9999.0
67,30,33,2010,0.0,0.0,0.0,0.0,0.0,0.0,0.0,0.0,9999.0
67,30,33,2011,0.0,0.0,0.0,0.0,0.0,0.0,0.0,0.0,9999.0
67,30,33,2012,0.0,0.0,0.0,0.0,0.0,0.0,0.0,0.0,9999.0
67,30,33,2013,0.0,0.0,0.0,0.0,0.0,0.0,0.0,0.0,9999.0
67,30,33,2014,0.0,0.0,0.0,0.0,0.0,0.0,0.0,0.0,9999.0
67,30,33,2015,0.0,0.0,0.0,0.0,0.0,0.0,0.0,0.0,9999.0
67,30,33,2016,0.0,0.0,0.0,0.0,0.0,0.0,0.0,0.0,9999.0
67,30,35,2008,0.0,0.0,0.0,0.0,0.0,0.0,0.0,0.0,9999.0
67,30,35,2009,0.0,0.0,0.0,0.0,0.0,0.0,0.0,0.0,9999.0
67,30,35,2010,0.0,0.0,0.0,0.0,0.0,0.0,0.0,0.0,9999.0
67,30,35,2011,0.0,0.0,0.0,0.0,0.0,0.0,0.0,0.0,9999.0
67,30,35,2012,0.0,0.0,0.0,0.0,0.0,0.0,0.0,0.0,9999.0
67,30,35,2013,0.0,0.0,0.0,0.0,0.0,0.0,0.0,0.0,9999.0
67,30,35,2014,0.0,0.0,0.0,0.0,0.0,0.0,0.0,0.0,9999.0
67,30,35,2015,0.0,0.0,0.0,0.0,0.0,0.0,0.0,0.0,9999.0
67,30,35,2016,0.0,0.0,0.0,0.0,0.0,0.0,0.0,0.0,9999.0
67,30,38,2008,0.0,0.0,0.0,0.0,0.0,0.0,0.0,0.0,2.0
67,30,38,2009,0.0,0.0,0.0,0.0,0.0,0.0,0.0,0.0,2.0
67,30,38,2010,0.0,0.0,0.0,0.0,0.0,0.0,0.0,0.0,2.0
67,30,38,2011,0.0,0.0,0.0,0.0,0.0,0.0,0.0,0.0,2.0
67,30,38,2012,0.0,0.0,0.0,0.0,0.0,0.0,0.0,0.0,2.0
67,30,38,2013,0.0,0.0,0.0,0.0,0.0,0.0,0.0,0.0,2.0
67,30,38,2014,0.0,0.0,0.0,0.0,0.0,0.0,0.0,0.0,2.0
67,30,38,2015,0.0,0.0,0.0,0.0,0.0,0.0,0.0,0.0,2.0
67,30,38,2016,0.0,0.0,0.0,0.0,0.0,0.0,0.0,0.0,2.0
68,28,29,2008,0.0,0.0,0.0,0.0,0.0,0.0,0.0,0.0,9999.0
68,28,29,2009,0.0,0.0,0.0,0.0,0.0,0.0,0.0,0.0,9999.0
68,28,29,2010,0.0,0.0,0.0,0.0,0.0,0.0,0.0,0.0,9999.0
68,28,29,2011,0.0,0.0,0.0,0.0,0.0,0.0,0.0,0.0,9999.0
68,28,29,2012,0.0,0.0,0.0,0.0,0.0,0.0,0.0,0.0,9999.0
68,28,29,2013,0.0,0.0,0.0,0.0,0.0,0.0,0.0,0.0,9999.0
68,28,29,2014,0.0,0.0,0.0,0.0,0.0,0.0,0.0,0.0,9999.0
68,28,29,2015,0.0,0.0,0.0,0.0,0.0,0.0,0.0,0.0,9999.0
68,28,29,2016,0.0,0.0,0.0,0.0,0.0,0.0,0.0,0.0,9999.0
68,28,31,2008,0.0,0.0,0.0,0.0,0.0,0.0,0.0,0.0,9999.0
68,28,31,2009,0.0,0.0,0.0,0.0,0.0,0.0,0.0,0.0,9999.0
68,28,31,2010,0.0,0.0,0.0,0.0,0.0,0.0,0.0,0.0,9999.0
68,28,31,2011,0.0,0.0,0.0,0.0,0.0,0.0,0.0,0.0,9999.0
68,28,31,2012,0.0,0.0,0.0,0.0,0.0,0.0,0.0,0.0,9999.0
68,28,31,2013,0.0,0.0,0.0,0.0,0.0,0.0,0.0,0.0,9999.0
68,28,31,2014,0.0,0.0,0.0,0.0,0.0,0.0,0.0,0.0,9999.0
68,28,31,2015,0.0,0.0,0.0,0.0,0.0,0.0,0.0,0.0,9999.0
68,28,31,2016,0.0,0.0,0.0,0.0,0.0,0.0,0.0,0.0,9999.0
68,28,33,2008,0.0,0.0,0.0,0.0,0.0,0.0,0.0,0.0,9999.0
68,28,33,2009,0.0,0.0,0.0,0.0,0.0,0.0,0.0,0.0,9999.0
68,28,33,2010,0.0,0.0,0.0,0.0,0.0,0.0,0.0,0.0,9999.0
68,28,33,2011,0.0,0.0,0.0,0.0,0.0,0.0,0.0,0.0,9999.0
68,28,33,2012,0.0,0.0,0.0,0.0,0.0,0.0,0.0,0.0,9999.0
68,28,33,2013,0.0,0.0,0.0,0.0,0.0,0.0,0.0,0.0,9999.0
68,28,33,2014,0.0,0.0,0.0,0.0,0.0,0.0,0.0,0.0,9999.0
68,28,33,2015,0.0,0.0,0.0,0.0,0.0,0.0,0.0,0.0,9999.0
68,28,33,2016,0.0,0.0,0.0,0.0,0.0,0.0,0.0,0.0,9999.0
68,28,35,2008,0.0,0.0,0.0,0.0,0.0,0.0,0.0,0.0,9999.0
68,28,35,2009,0.0,0.0,0.0,0.0,0.0,0.0,0.0,0.0,9999.0
68,28,35,2010,0.0,0.0,0.0,0.0,0.0,0.0,0.0,0.0,9999.0
68,28,35,2011,0.0,0.0,0.0,0.0,0.0,0.0,0.0,0.0,9999.0
68,28,35,2012,0.0,0.0,0.0,0.0,0.0,0.0,0.0,0.0,9999.0
68,28,35,2013,0.0,0.0,0.0,0.0,0.0,0.0,0.0,0.0,9999.0
68,28,35,2014,0.0,0.0,0.0,0.0,0.0,0.0,0.0,0.0,9999.0
68,28,35,2015,0.0,0.0,0.0,0.0,0.0,0.0,0.0,0.0,9999.0
68,28,35,2016,0.0,0.0,0.0,0.0,0.0,0.0,0.0,0.0,9999.0
68,28,38,2008,13852.5365703,13142.1506623,12431.7777272,11721.4766549,11011.4054491,10301.88693,9593.48491833,8887.0883987,2.0
68,28,38,2009,1268.17635539,1268.17531515,1268.15215602,1268.0238671,1267.61351135,1266.62685936,1264.63367916,1261.05349054,2.0
68,28,38,2010,0.0,1428.16910929,1428.16793782,1428.14185693,1427.99738313,1427.53525702,1426.4241293,1424.17949007,2.0
68,28,38,2011,0.0,0.0,1415.86723597,1415.86607459,1415.84021836,1415.69698901,1415.23884354,1414.13728678,2.0
68,28,38,2012,0.0,0.0,0.0,1413.90932206,1413.90816229,1413.88234181,1413.73931053,1413.28179859,2.0
68,28,38,2013,0.0,0.0,0.0,0.0,1415.12024371,1415.11908294,1415.09324035,1414.95008657,2.0
68,28,38,2014,0.0,0.0,0.0,0.0,0.0,1418.39191446,1418.39075101,1418.36484867,2.0
68,28,38,2015,0.0,0.0,0.0,0.0,0.0,0.0,1428.8563128,1428.85514077,2.0
68,28,38,2016,0.0,0.0,0.0,0.0,0.0,0.0,0.0,1430.19161743,2.0
68,29,29,2008,0.0,0.0,0.0,0.0,0.0,0.0,0.0,0.0,9999.0
68,29,29,2009,0.0,0.0,0.0,0.0,0.0,0.0,0.0,0.0,9999.0
68,29,29,2010,0.0,0.0,0.0,0.0,0.0,0.0,0.0,0.0,9999.0
68,29,29,2011,0.0,0.0,0.0,0.0,0.0,0.0,0.0,0.0,9999.0
68,29,29,2012,0.0,0.0,0.0,0.0,0.0,0.0,0.0,0.0,9999.0
68,29,29,2013,0.0,0.0,0.0,0.0,0.0,0.0,0.0,0.0,9999.0
68,29,29,2014,0.0,0.0,0.0,0.0,0.0,0.0,0.0,0.0,9999.0
68,29,29,2015,0.0,0.0,0.0,0.0,0.0,0.0,0.0,0.0,9999.0
68,29,29,2016,0.0,0.0,0.0,0.0,0.0,0.0,0.0,0.0,9999.0
68,29,31,2008,0.0,0.0,0.0,0.0,0.0,0.0,0.0,0.0,9999.0
68,29,31,2009,0.0,0.0,0.0,0.0,0.0,0.0,0.0,0.0,9999.0
68,29,31,2010,0.0,0.0,0.0,0.0,0.0,0.0,0.0,0.0,9999.0
68,29,31,2011,0.0,0.0,0.0,0.0,0.0,0.0,0.0,0.0,9999.0
68,29,31,2012,0.0,0.0,0.0,0.0,0.0,0.0,0.0,0.0,9999.0
68,29,31,2013,0.0,0.0,0.0,0.0,0.0,0.0,0.0,0.0,9999.0
68,29,31,2014,0.0,0.0,0.0,0.0,0.0,0.0,0.0,0.0,9999.0
68,29,31,2015,0.0,0.0,0.0,0.0,0.0,0.0,0.0,0.0,9999.0
68,29,31,2016,0.0,0.0,0.0,0.0,0.0,0.0,0.0,0.0,9999.0
68,29,33,2008,0.0,0.0,0.0,0.0,0.0,0.0,0.0,0.0,9999.0
68,29,33,2009,0.0,0.0,0.0,0.0,0.0,0.0,0.0,0.0,9999.0
68,29,33,2010,0.0,0.0,0.0,0.0,0.0,0.0,0.0,0.0,9999.0
68,29,33,2011,0.0,0.0,0.0,0.0,0.0,0.0,0.0,0.0,9999.0
68,29,33,2012,0.0,0.0,0.0,0.0,0.0,0.0,0.0,0.0,9999.0
68,29,33,2013,0.0,0.0,0.0,0.0,0.0,0.0,0.0,0.0,9999.0
68,29,33,2014,0.0,0.0,0.0,0.0,0.0,0.0,0.0,0.0,9999.0
68,29,33,2015,0.0,0.0,0.0,0.0,0.0,0.0,0.0,0.0,9999.0
68,29,33,2016,0.0,0.0,0.0,0.0,0.0,0.0,0.0,0.0,9999.0
68,29,35,2008,0.0,0.0,0.0,0.0,0.0,0.0,0.0,0.0,9999.0
68,29,35,2009,0.0,0.0,0.0,0.0,0.0,0.0,0.0,0.0,9999.0
68,29,35,2010,0.0,0.0,0.0,0.0,0.0,0.0,0.0,0.0,9999.0
68,29,35,2011,0.0,0.0,0.0,0.0,0.0,0.0,0.0,0.0,9999.0
68,29,35,2012,0.0,0.0,0.0,0.0,0.0,0.0,0.0,0.0,9999.0
68,29,35,2013,0.0,0.0,0.0,0.0,0.0,0.0,0.0,0.0,9999.0
68,29,35,2014,0.0,0.0,0.0,0.0,0.0,0.0,0.0,0.0,9999.0
68,29,35,2015,0.0,0.0,0.0,0.0,0.0,0.0,0.0,0.0,9999.0
68,29,35,2016,0.0,0.0,0.0,0.0,0.0,0.0,0.0,0.0,9999.0
68,29,38,2008,0.0,0.0,0.0,0.0,0.0,0.0,0.0,0.0,2.0
68,29,38,2009,0.0,0.0,0.0,0.0,0.0,0.0,0.0,0.0,2.0
68,29,38,2010,0.0,0.0,0.0,0.0,0.0,0.0,0.0,0.0,2.0
68,29,38,2011,0.0,0.0,0.0,0.0,0.0,0.0,0.0,0.0,2.0
68,29,38,2012,0.0,0.0,0.0,0.0,0.0,0.0,0.0,0.0,2.0
68,29,38,2013,0.0,0.0,0.0,0.0,0.0,0.0,0.0,0.0,2.0
68,29,38,2014,0.0,0.0,0.0,0.0,0.0,0.0,0.0,0.0,2.0
68,29,38,2015,0.0,0.0,0.0,0.0,0.0,0.0,0.0,0.0,2.0
68,29,38,2016,0.0,0.0,0.0,0.0,0.0,0.0,0.0,0.0,2.0
68,30,29,2008,0.0,0.0,0.0,0.0,0.0,0.0,0.0,0.0,9999.0
68,30,29,2009,0.0,0.0,0.0,0.0,0.0,0.0,0.0,0.0,9999.0
68,30,29,2010,0.0,0.0,0.0,0.0,0.0,0.0,0.0,0.0,9999.0
68,30,29,2011,0.0,0.0,0.0,0.0,0.0,0.0,0.0,0.0,9999.0
68,30,29,2012,0.0,0.0,0.0,0.0,0.0,0.0,0.0,0.0,9999.0
68,30,29,2013,0.0,0.0,0.0,0.0,0.0,0.0,0.0,0.0,9999.0
68,30,29,2014,0.0,0.0,0.0,0.0,0.0,0.0,0.0,0.0,9999.0
68,30,29,2015,0.0,0.0,0.0,0.0,0.0,0.0,0.0,0.0,9999.0
68,30,29,2016,0.0,0.0,0.0,0.0,0.0,0.0,0.0,0.0,9999.0
68,30,31,2008,0.0,0.0,0.0,0.0,0.0,0.0,0.0,0.0,9999.0
68,30,31,2009,0.0,0.0,0.0,0.0,0.0,0.0,0.0,0.0,9999.0
68,30,31,2010,0.0,0.0,0.0,0.0,0.0,0.0,0.0,0.0,9999.0
68,30,31,2011,0.0,0.0,0.0,0.0,0.0,0.0,0.0,0.0,9999.0
68,30,31,2012,0.0,0.0,0.0,0.0,0.0,0.0,0.0,0.0,9999.0
68,30,31,2013,0.0,0.0,0.0,0.0,0.0,0.0,0.0,0.0,9999.0
68,30,31,2014,0.0,0.0,0.0,0.0,0.0,0.0,0.0,0.0,9999.0
68,30,31,2015,0.0,0.0,0.0,0.0,0.0,0.0,0.0,0.0,9999.0
68,30,31,2016,0.0,0.0,0.0,0.0,0.0,0.0,0.0,0.0,9999.0
68,30,33,2008,0.0,0.0,0.0,0.0,0.0,0.0,0.0,0.0,9999.0
68,30,33,2009,0.0,0.0,0.0,0.0,0.0,0.0,0.0,0.0,9999.0
68,30,33,2010,0.0,0.0,0.0,0.0,0.0,0.0,0.0,0.0,9999.0
68,30,33,2011,0.0,0.0,0.0,0.0,0.0,0.0,0.0,0.0,9999.0
68,30,33,2012,0.0,0.0,0.0,0.0,0.0,0.0,0.0,0.0,9999.0
68,30,33,2013,0.0,0.0,0.0,0.0,0.0,0.0,0.0,0.0,9999.0
68,30,33,2014,0.0,0.0,0.0,0.0,0.0,0.0,0.0,0.0,9999.0
68,30,33,2015,0.0,0.0,0.0,0.0,0.0,0.0,0.0,0.0,9999.0
68,30,33,2016,0.0,0.0,0.0,0.0,0.0,0.0,0.0,0.0,9999.0
68,30,35,2008,0.0,0.0,0.0,0.0,0.0,0.0,0.0,0.0,9999.0
68,30,35,2009,0.0,0.0,0.0,0.0,0.0,0.0,0.0,0.0,9999.0
68,30,35,2010,0.0,0.0,0.0,0.0,0.0,0.0,0.0,0.0,9999.0
68,30,35,2011,0.0,0.0,0.0,0.0,0.0,0.0,0.0,0.0,9999.0
68,30,35,2012,0.0,0.0,0.0,0.0,0.0,0.0,0.0,0.0,9999.0
68,30,35,2013,0.0,0.0,0.0,0.0,0.0,0.0,0.0,0.0,9999.0
68,30,35,2014,0.0,0.0,0.0,0.0,0.0,0.0,0.0,0.0,9999.0
68,30,35,2015,0.0,0.0,0.0,0.0,0.0,0.0,0.0,0.0,9999.0
68,30,35,2016,0.0,0.0,0.0,0.0,0.0,0.0,0.0,0.0,9999.0
68,30,38,2008,0.0,0.0,0.0,0.0,0.0,0.0,0.0,0.0,2.0
68,30,38,2009,0.0,0.0,0.0,0.0,0.0,0.0,0.0,0.0,2.0
68,30,38,2010,0.0,0.0,0.0,0.0,0.0,0.0,0.0,0.0,2.0
68,30,38,2011,0.0,0.0,0.0,0.0,0.0,0.0,0.0,0.0,2.0
68,30,38,2012,0.0,0.0,0.0,0.0,0.0,0.0,0.0,0.0,2.0
68,30,38,2013,0.0,0.0,0.0,0.0,0.0,0.0,0.0,0.0,2.0
68,30,38,2014,0.0,0.0,0.0,0.0,0.0,0.0,0.0,0.0,2.0
68,30,38,2015,0.0,0.0,0.0,0.0,0.0,0.0,0.0,0.0,2.0
68,30,38,2016,0.0,0.0,0.0,0.0,0.0,0.0,0.0,0.0,2.0
69,28,29,2008,0.0,0.0,0.0,0.0,0.0,0.0,0.0,0.0,9999.0
69,28,29,2009,0.0,0.0,0.0,0.0,0.0,0.0,0.0,0.0,9999.0
69,28,29,2010,0.0,0.0,0.0,0.0,0.0,0.0,0.0,0.0,9999.0
69,28,29,2011,0.0,0.0,0.0,0.0,0.0,0.0,0.0,0.0,9999.0
69,28,29,2012,0.0,0.0,0.0,0.0,0.0,0.0,0.0,0.0,9999.0
69,28,29,2013,0.0,0.0,0.0,0.0,0.0,0.0,0.0,0.0,9999.0
69,28,29,2014,0.0,0.0,0.0,0.0,0.0,0.0,0.0,0.0,9999.0
69,28,29,2015,0.0,0.0,0.0,0.0,0.0,0.0,0.0,0.0,9999.0
69,28,29,2016,0.0,0.0,0.0,0.0,0.0,0.0,0.0,0.0,9999.0
69,28,31,2008,0.0,0.0,0.0,0.0,0.0,0.0,0.0,0.0,9999.0
69,28,31,2009,0.0,0.0,0.0,0.0,0.0,0.0,0.0,0.0,9999.0
69,28,31,2010,0.0,0.0,0.0,0.0,0.0,0.0,0.0,0.0,9999.0
69,28,31,2011,0.0,0.0,0.0,0.0,0.0,0.0,0.0,0.0,9999.0
69,28,31,2012,0.0,0.0,0.0,0.0,0.0,0.0,0.0,0.0,9999.0
69,28,31,2013,0.0,0.0,0.0,0.0,0.0,0.0,0.0,0.0,9999.0
69,28,31,2014,0.0,0.0,0.0,0.0,0.0,0.0,0.0,0.0,9999.0
69,28,31,2015,0.0,0.0,0.0,0.0,0.0,0.0,0.0,0.0,9999.0
69,28,31,2016,0.0,0.0,0.0,0.0,0.0,0.0,0.0,0.0,9999.0
69,28,33,2008,0.0,0.0,0.0,0.0,0.0,0.0,0.0,0.0,9999.0
69,28,33,2009,0.0,0.0,0.0,0.0,0.0,0.0,0.0,0.0,9999.0
69,28,33,2010,0.0,0.0,0.0,0.0,0.0,0.0,0.0,0.0,9999.0
69,28,33,2011,0.0,0.0,0.0,0.0,0.0,0.0,0.0,0.0,9999.0
69,28,33,2012,0.0,0.0,0.0,0.0,0.0,0.0,0.0,0.0,9999.0
69,28,33,2013,0.0,0.0,0.0,0.0,0.0,0.0,0.0,0.0,9999.0
69,28,33,2014,0.0,0.0,0.0,0.0,0.0,0.0,0.0,0.0,9999.0
69,28,33,2015,0.0,0.0,0.0,0.0,0.0,0.0,0.0,0.0,9999.0
69,28,33,2016,0.0,0.0,0.0,0.0,0.0,0.0,0.0,0.0,9999.0
69,28,35,2008,0.0,0.0,0.0,0.0,0.0,0.0,0.0,0.0,9999.0
69,28,35,2009,0.0,0.0,0.0,0.0,0.0,0.0,0.0,0.0,9999.0
69,28,35,2010,0.0,0.0,0.0,0.0,0.0,0.0,0.0,0.0,9999.0
69,28,35,2011,0.0,0.0,0.0,0.0,0.0,0.0,0.0,0.0,9999.0
69,28,35,2012,0.0,0.0,0.0,0.0,0.0,0.0,0.0,0.0,9999.0
69,28,35,2013,0.0,0.0,0.0,0.0,0.0,0.0,0.0,0.0,9999.0
69,28,35,2014,0.0,0.0,0.0,0.0,0.0,0.0,0.0,0.0,9999.0
69,28,35,2015,0.0,0.0,0.0,0.0,0.0,0.0,0.0,0.0,9999.0
69,28,35,2016,0.0,0.0,0.0,0.0,0.0,0.0,0.0,0.0,9999.0
69,28,38,2008,41336.3828555,39216.5700892,37096.7960344,34977.2364204,32858.3627347,30741.1382827,28627.2455222,26519.3372099,2.0
69,28,38,2009,4237.2941568,4237.29068111,4237.21330065,4236.78465533,4235.41355421,4232.11690331,4225.45719009,4213.49488515,2.0
69,28,38,2010,0.0,4752.29750097,4752.29360284,4752.2068175,4751.72607437,4750.18832878,4746.4910009,4739.02186202,2.0
69,28,38,2011,0.0,0.0,4725.58247513,4725.57859892,4725.49230144,4725.0142608,4723.48515965,4719.80861628,2.0
69,28,38,2012,0.0,0.0,0.0,4726.035123,4726.03124642,4725.94494068,4725.46685425,4723.93760662,2.0
69,28,38,2013,0.0,0.0,0.0,0.0,4731.85904273,4731.85516137,4731.76874927,4731.29007369,2.0
69,28,38,2014,0.0,0.0,0.0,0.0,0.0,4739.94730474,4739.94341674,4739.85685694,2.0
69,28,38,2015,0.0,0.0,0.0,0.0,0.0,0.0,4766.60995994,4766.60605008,2.0
69,28,38,2016,0.0,0.0,0.0,0.0,0.0,0.0,0.0,4776.69896358,2.0
69,29,29,2008,0.0,0.0,0.0,0.0,0.0,0.0,0.0,0.0,9999.0
69,29,29,2009,0.0,0.0,0.0,0.0,0.0,0.0,0.0,0.0,9999.0
69,29,29,2010,0.0,0.0,0.0,0.0,0.0,0.0,0.0,0.0,9999.0
69,29,29,2011,0.0,0.0,0.0,0.0,0.0,0.0,0.0,0.0,9999.0
69,29,29,2012,0.0,0.0,0.0,0.0,0.0,0.0,0.0,0.0,9999.0
69,29,29,2013,0.0,0.0,0.0,0.0,0.0,0.0,0.0,0.0,9999.0
69,29,29,2014,0.0,0.0,0.0,0.0,0.0,0.0,0.0,0.0,9999.0
69,29,29,2015,0.0,0.0,0.0,0.0,0.0,0.0,0.0,0.0,9999.0
69,29,29,2016,0.0,0.0,0.0,0.0,0.0,0.0,0.0,0.0,9999.0
69,29,31,2008,0.0,0.0,0.0,0.0,0.0,0.0,0.0,0.0,9999.0
69,29,31,2009,0.0,0.0,0.0,0.0,0.0,0.0,0.0,0.0,9999.0
69,29,31,2010,0.0,0.0,0.0,0.0,0.0,0.0,0.0,0.0,9999.0
69,29,31,2011,0.0,0.0,0.0,0.0,0.0,0.0,0.0,0.0,9999.0
69,29,31,2012,0.0,0.0,0.0,0.0,0.0,0.0,0.0,0.0,9999.0
69,29,31,2013,0.0,0.0,0.0,0.0,0.0,0.0,0.0,0.0,9999.0
69,29,31,2014,0.0,0.0,0.0,0.0,0.0,0.0,0.0,0.0,9999.0
69,29,31,2015,0.0,0.0,0.0,0.0,0.0,0.0,0.0,0.0,9999.0
69,29,31,2016,0.0,0.0,0.0,0.0,0.0,0.0,0.0,0.0,9999.0
69,29,33,2008,0.0,0.0,0.0,0.0,0.0,0.0,0.0,0.0,9999.0
69,29,33,2009,0.0,0.0,0.0,0.0,0.0,0.0,0.0,0.0,9999.0
69,29,33,2010,0.0,0.0,0.0,0.0,0.0,0.0,0.0,0.0,9999.0
69,29,33,2011,0.0,0.0,0.0,0.0,0.0,0.0,0.0,0.0,9999.0
69,29,33,2012,0.0,0.0,0.0,0.0,0.0,0.0,0.0,0.0,9999.0
69,29,33,2013,0.0,0.0,0.0,0.0,0.0,0.0,0.0,0.0,9999.0
69,29,33,2014,0.0,0.0,0.0,0.0,0.0,0.0,0.0,0.0,9999.0
69,29,33,2015,0.0,0.0,0.0,0.0,0.0,0.0,0.0,0.0,9999.0
69,29,33,2016,0.0,0.0,0.0,0.0,0.0,0.0,0.0,0.0,9999.0
69,29,35,2008,0.0,0.0,0.0,0.0,0.0,0.0,0.0,0.0,9999.0
69,29,35,2009,0.0,0.0,0.0,0.0,0.0,0.0,0.0,0.0,9999.0
69,29,35,2010,0.0,0.0,0.0,0.0,0.0,0.0,0.0,0.0,9999.0
69,29,35,2011,0.0,0.0,0.0,0.0,0.0,0.0,0.0,0.0,9999.0
69,29,35,2012,0.0,0.0,0.0,0.0,0.0,0.0,0.0,0.0,9999.0
69,29,35,2013,0.0,0.0,0.0,0.0,0.0,0.0,0.0,0.0,9999.0
69,29,35,2014,0.0,0.0,0.0,0.0,0.0,0.0,0.0,0.0,9999.0
69,29,35,2015,0.0,0.0,0.0,0.0,0.0,0.0,0.0,0.0,9999.0
69,29,35,2016,0.0,0.0,0.0,0.0,0.0,0.0,0.0,0.0,9999.0
69,29,38,2008,4792.09333083,4546.3451565,4300.60146997,4054.88264338,3809.24333591,3563.79522276,3318.7333499,3074.36524927,2.0
69,29,38,2009,476.342504104,476.342113379,476.333414524,476.285227644,476.131093021,475.7604945,475.011831709,473.667069207,2.0
69,29,38,2010,0.0,536.036906134,536.036466443,536.026677464,535.972451889,535.799001387,535.381960114,534.539476222,2.0
69,29,38,2011,0.0,0.0,532.876128077,532.87569098,532.865959721,532.812053891,532.639626152,532.225043991,2.0
69,29,38,2012,0.0,0.0,0.0,532.748852219,532.748415225,532.738686291,532.684793336,532.512406781,2.0
69,29,38,2013,0.0,0.0,0.0,0.0,533.087773312,533.087336041,533.077600918,533.023673678,2.0
69,29,38,2014,0.0,0.0,0.0,0.0,0.0,533.518312333,533.517874708,533.508131722,2.0
69,29,38,2015,0.0,0.0,0.0,0.0,0.0,0.0,535.945912739,535.945473123,2.0
69,29,38,2016,0.0,0.0,0.0,0.0,0.0,0.0,0.0,536.340968673,2.0
69,30,29,2008,0.0,0.0,0.0,0.0,0.0,0.0,0.0,0.0,9999.0
69,30,29,2009,0.0,0.0,0.0,0.0,0.0,0.0,0.0,0.0,9999.0
69,30,29,2010,0.0,0.0,0.0,0.0,0.0,0.0,0.0,0.0,9999.0
69,30,29,2011,0.0,0.0,0.0,0.0,0.0,0.0,0.0,0.0,9999.0
69,30,29,2012,0.0,0.0,0.0,0.0,0.0,0.0,0.0,0.0,9999.0
69,30,29,2013,0.0,0.0,0.0,0.0,0.0,0.0,0.0,0.0,9999.0
69,30,29,2014,0.0,0.0,0.0,0.0,0.0,0.0,0.0,0.0,9999.0
69,30,29,2015,0.0,0.0,0.0,0.0,0.0,0.0,0.0,0.0,9999.0
69,30,29,2016,0.0,0.0,0.0,0.0,0.0,0.0,0.0,0.0,9999.0
69,30,31,2008,0.0,0.0,0.0,0.0,0.0,0.0,0.0,0.0,9999.0
69,30,31,2009,0.0,0.0,0.0,0.0,0.0,0.0,0.0,0.0,9999.0
69,30,31,2010,0.0,0.0,0.0,0.0,0.0,0.0,0.0,0.0,9999.0
69,30,31,2011,0.0,0.0,0.0,0.0,0.0,0.0,0.0,0.0,9999.0
69,30,31,2012,0.0,0.0,0.0,0.0,0.0,0.0,0.0,0.0,9999.0
69,30,31,2013,0.0,0.0,0.0,0.0,0.0,0.0,0.0,0.0,9999.0
69,30,31,2014,0.0,0.0,0.0,0.0,0.0,0.0,0.0,0.0,9999.0
69,30,31,2015,0.0,0.0,0.0,0.0,0.0,0.0,0.0,0.0,9999.0
69,30,31,2016,0.0,0.0,0.0,0.0,0.0,0.0,0.0,0.0,9999.0
69,30,33,2008,0.0,0.0,0.0,0.0,0.0,0.0,0.0,0.0,9999.0
69,30,33,2009,0.0,0.0,0.0,0.0,0.0,0.0,0.0,0.0,9999.0
69,30,33,2010,0.0,0.0,0.0,0.0,0.0,0.0,0.0,0.0,9999.0
69,30,33,2011,0.0,0.0,0.0,0.0,0.0,0.0,0.0,0.0,9999.0
69,30,33,2012,0.0,0.0,0.0,0.0,0.0,0.0,0.0,0.0,9999.0
69,30,33,2013,0.0,0.0,0.0,0.0,0.0,0.0,0.0,0.0,9999.0
69,30,33,2014,0.0,0.0,0.0,0.0,0.0,0.0,0.0,0.0,9999.0
69,30,33,2015,0.0,0.0,0.0,0.0,0.0,0.0,0.0,0.0,9999.0
69,30,33,2016,0.0,0.0,0.0,0.0,0.0,0.0,0.0,0.0,9999.0
69,30,35,2008,0.0,0.0,0.0,0.0,0.0,0.0,0.0,0.0,9999.0
69,30,35,2009,0.0,0.0,0.0,0.0,0.0,0.0,0.0,0.0,9999.0
69,30,35,2010,0.0,0.0,0.0,0.0,0.0,0.0,0.0,0.0,9999.0
69,30,35,2011,0.0,0.0,0.0,0.0,0.0,0.0,0.0,0.0,9999.0
69,30,35,2012,0.0,0.0,0.0,0.0,0.0,0.0,0.0,0.0,9999.0
69,30,35,2013,0.0,0.0,0.0,0.0,0.0,0.0,0.0,0.0,9999.0
69,30,35,2014,0.0,0.0,0.0,0.0,0.0,0.0,0.0,0.0,9999.0
69,30,35,2015,0.0,0.0,0.0,0.0,0.0,0.0,0.0,0.0,9999.0
69,30,35,2016,0.0,0.0,0.0,0.0,0.0,0.0,0.0,0.0,9999.0
69,30,38,2008,0.0,0.0,0.0,0.0,0.0,0.0,0.0,0.0,2.0
69,30,38,2009,0.0,0.0,0.0,0.0,0.0,0.0,0.0,0.0,2.0
69,30,38,2010,0.0,0.0,0.0,0.0,0.0,0.0,0.0,0.0,2.0
69,30,38,2011,0.0,0.0,0.0,0.0,0.0,0.0,0.0,0.0,2.0
69,30,38,2012,0.0,0.0,0.0,0.0,0.0,0.0,0.0,0.0,2.0
69,30,38,2013,0.0,0.0,0.0,0.0,0.0,0.0,0.0,0.0,2.0
69,30,38,2014,0.0,0.0,0.0,0.0,0.0,0.0,0.0,0.0,2.0
69,30,38,2015,0.0,0.0,0.0,0.0,0.0,0.0,0.0,0.0,2.0
69,30,38,2016,0.0,0.0,0.0,0.0,0.0,0.0,0.0,0.0,2.0
