census region,housing types,technology,vintage,value
66,28,4,2000,0.0
66,28,4,2001,1656000.34192
66,28,4,2002,1312126.65115
66,28,4,2003,2966741.06228
66,28,4,2004,9024437.68678
66,28,4,2005,795400.915868
66,28,4,2006,17584064.0363
66,28,4,2007,0.0
66,28,4,2008,0.0
66,28,4,2009,107910653.775
66,28,4,2010,0.0
66,28,4,2011,0.0
66,28,4,2012,1732305.55862
66,28,4,2013,1312126.65115
66,28,4,2014,3103442.61597
66,28,4,2015,9024437.68678
66,28,4,2016,832051.415094
66,28,5,2000,60567336.0883
66,28,5,2001,0.0
66,28,5,2002,0.0
66,28,5,2003,388819094.871
66,28,5,2004,0.0
66,28,5,2005,0.0
66,28,5,2006,5966828.90969
66,28,5,2007,4519547.35394
66,28,5,2008,10689633.2627
66,28,5,2009,31084174.2545
66,28,5,2010,3027741.96547
66,28,5,2011,67405698.456
66,28,5,2012,0.0
66,28,5,2013,0.0
66,28,5,2014,476616847.345
66,28,5,2015,0.0
66,28,5,2016,0.0
66,28,6,2000,14243377.5354
66,28,6,2001,10788596.9094
66,28,6,2002,25517152.34
66,28,6,2003,74200932.0914
66,28,6,2004,6841300.24008
66,28,6,2005,144581899.601
66,28,6,2006,0.0
66,28,6,2007,0.0
66,28,6,2008,928147261.152
66,28,6,2009,0.0
66,28,6,2010,0.0
66,28,6,2011,14228686.9417
66,28,6,2012,10788596.9099
66,28,6,2013,25490833.9954
66,28,6,2014,74200932.0947
66,28,6,2015,6834244.13542
66,28,6,2016,144587491.559
66,28,7,2000,0.0
66,28,7,2001,0.0
66,28,7,2002,225532695.831
66,28,7,2003,0.0
66,28,7,2004,0.0
66,28,7,2005,3413177.26204
66,28,7,2006,2624253.30412
66,28,7,2007,6114740.96943
66,28,7,2008,18048875.3862
66,28,7,2009,1639398.40562
66,28,7,2010,35173459.9822
66,28,7,2011,0.0
66,28,7,2012,0.0
66,28,7,2013,222414319.897
66,28,7,2014,0.0
66,28,7,2015,0.0
66,28,7,2016,3443655.08904
66,28,8,2000,11371764.3838
66,28,8,2001,26733816.6301
66,28,8,2002,78211793.7936
66,28,8,2003,7167495.16922
66,28,8,2004,152450779.28
66,28,8,2005,0.0
66,28,8,2006,0.0
66,28,8,2007,972401557.772
66,28,8,2008,0.0
66,28,8,2009,0.0
66,28,8,2010,15012781.894
66,28,8,2011,11371764.7978
66,28,8,2012,26895547.8912
66,28,8,2013,78211796.6413
66,28,8,2014,7210856.2818
66,28,8,2015,152510868.864
66,28,8,2016,0.0
66,28,9,2000,0.0
66,28,9,2001,489142142.112
66,28,9,2002,0.0
66,28,9,2003,0.0
66,28,9,2004,7506360.0456
66,28,9,2005,5685883.40815
66,28,9,2006,13447718.5854
66,28,9,2007,39105905.2618
66,28,9,2008,3605413.29852
66,28,9,2009,76305916.6065
66,28,9,2010,0.0
66,28,9,2011,0.0
66,28,9,2012,489140128.471
66,28,9,2013,0.0
66,28,9,2014,0.0
66,28,9,2015,7506449.96281
66,28,9,2016,5685887.46556
66,28,10,2000,79308008.328
66,28,10,2001,230624734.065
66,28,10,2002,21262948.5134
66,28,10,2003,450474707.005
66,28,10,2004,0.0
66,28,10,2005,0.0
66,28,10,2006,2884442348.88
66,28,10,2007,0.0
66,28,10,2008,0.0
66,28,10,2009,44270655.3858
66,28,10,2010,31345354.329
66,28,10,2011,68966352.9892
66,28,10,2012,156525870.989
66,28,10,2013,15716752.8609
66,28,10,2014,333468268.827
66,28,10,2015,0.0
66,28,10,2016,0.0
66,28,11,2000,2229568898.15
66,28,11,2001,0.0
66,28,11,2002,0.0
66,28,11,2003,35419935.1114
66,28,11,2004,26825993.7871
66,28,11,2005,63454733.6851
66,28,11,2006,94137535.3203
66,28,11,2007,17012924.7978
66,28,11,2008,314464793.078
66,28,11,2009,0.0
66,28,11,2010,0.0555106294912
66,28,11,2011,2133514901.38
66,28,11,2012,0.472656100628
66,28,11,2013,0.0
66,28,11,2014,35427594.9234
66,28,11,2015,26826552.6613
66,28,11,2016,63465039.654
66,28,12,2000,5950011.99571
66,28,12,2001,2867314.5873
66,28,12,2002,45873151.9115
66,28,12,2003,1.98768870258e-09
66,28,12,2004,0.399563587306
66,28,12,2005,347697435.987
66,28,12,2006,2.4635956564
66,28,12,2007,0.0
66,28,12,2008,5971728.71665
66,28,12,2009,4519930.17686
66,28,12,2010,8646637.44131
66,28,12,2011,14086241.8416
66,28,12,2012,3357112.49781
66,28,12,2013,46049534.6462
66,28,12,2014,3.38508323518e-07
66,28,12,2015,4.75724214431
66,28,12,2016,444834877.327
66,28,13,2000,25.1486138957
66,28,13,2001,0.0
66,28,13,2002,7520995.04121
66,28,13,2003,5687075.64397
66,28,13,2004,10275195.049
66,28,13,2005,15890229.6983
66,28,13,2006,3626131.6853
66,28,13,2007,47162387.1464
66,28,13,2008,1.17374487624e-05
66,28,13,2009,25.6137696425
66,28,13,2010,455584944.818
66,28,13,2011,116.008684335
66,28,13,2012,0.0
66,28,13,2013,7537759.78592
66,28,13,2014,5688658.67336
66,28,13,2015,10393049.4907
66,28,13,2016,16072487.4696
66,28,71,2000,3758645.49024
66,28,71,2001,48926492.6545
66,28,71,2002,0.000188326171466
66,28,71,2003,96.715637196
66,28,71,2004,472626065.067
66,28,71,2005,394.902123926
66,28,71,2006,0.0
66,28,71,2007,7763597.68031
66,28,71,2008,5837943.21293
66,28,71,2009,10670698.051
66,28,71,2010,16501861.2555
66,28,71,2011,3850316.5629
66,28,71,2012,48977716.7444
66,28,71,2013,0.00180871446948
66,28,71,2014,281.296196962
66,28,71,2015,473120885.74
66,28,71,2016,1051.41664836
66,29,4,2000,7371866.76347
66,29,4,2001,1808045.0835
66,29,4,2002,0.0
66,29,4,2003,0.0
66,29,4,2004,0.0
66,29,4,2005,0.0
66,29,4,2006,0.0
66,29,4,2007,0.0
66,29,4,2008,0.0
66,29,4,2009,81362028.7575
66,29,4,2010,0.0
66,29,4,2011,8007262.46583
66,29,4,2012,1808045.08813
66,29,4,2013,0.0
66,29,4,2014,0.0
66,29,4,2015,0.0
66,29,4,2016,0.0
66,29,5,2000,0.0
66,29,5,2001,0.0
66,29,5,2002,0.0
66,29,5,2003,280246988.66
66,29,5,2004,0.0
66,29,5,2005,27408426.2907
66,29,5,2006,6227711.58023
66,29,5,2007,0.0
66,29,5,2008,0.0
66,29,5,2009,0.0
66,29,5,2010,0.0
66,29,5,2011,0.0
66,29,5,2012,0.0
66,29,5,2013,0.0
66,29,5,2014,343528606.522
66,29,5,2015,0.0
66,29,5,2016,33276302.0361
66,29,6,2000,14866169.7182
66,29,6,2001,0.0
66,29,6,2002,0.0
66,29,6,2003,0.0
66,29,6,2004,0.0
66,29,6,2005,0.0
66,29,6,2006,0.0
66,29,6,2007,0.0
66,29,6,2008,668977637.317
66,29,6,2009,0.0
66,29,6,2010,63169305.6267
66,29,6,2011,14866277.8482
66,29,6,2012,0.0
66,29,6,2013,0.0
66,29,6,2014,0.0
66,29,6,2015,0.0
66,29,6,2016,0.0
66,29,7,2000,0.0
66,29,7,2001,0.0
66,29,7,2002,162725473.744
66,29,7,2003,0.0
66,29,7,2004,15165139.2083
66,29,7,2005,3616215.16151
66,29,7,2006,0.0
66,29,7,2007,0.0
66,29,7,2008,0.0
66,29,7,2009,0.0
66,29,7,2010,0.0
66,29,7,2011,0.0
66,29,7,2012,0.0
66,29,7,2013,162729682.268
66,29,7,2014,0.0
66,29,7,2015,15291430.0217
66,29,7,2016,3616466.91601
66,29,8,2000,0.0
66,29,8,2001,0.0
66,29,8,2002,0.0
66,29,8,2003,0.0
66,29,8,2004,0.0
66,29,8,2005,0.0
66,29,8,2006,0.0
66,29,8,2007,705211048.623
66,29,8,2008,0.0
66,29,8,2009,67404456.3015
66,29,8,2010,15673794.6308
66,29,8,2011,0.0
66,29,8,2012,0.0
66,29,8,2013,0.0
66,29,8,2014,0.0
66,29,8,2015,0.0
66,29,8,2016,0.0
66,29,9,2000,0.0
66,29,9,2001,352660379.193
66,29,9,2002,0.0
66,29,9,2003,33803073.1819
66,29,9,2004,7839285.16537
66,29,9,2005,0.0
66,29,9,2006,0.0
66,29,9,2007,0.0
66,29,9,2008,0.0
66,29,9,2009,0.0
66,29,9,2010,0.0
66,29,9,2011,0.0
66,29,9,2012,352767832.442
66,29,9,2013,0.0
66,29,9,2014,34219538.8123
66,29,9,2015,7843528.13954
66,29,9,2016,0.0
66,29,10,2000,0.0
66,29,10,2001,0.0
66,29,10,2002,0.0
66,29,10,2003,0.0
66,29,10,2004,0.0
66,29,10,2005,0.0
66,29,10,2006,2081551698.57
66,29,10,2007,0.0
66,29,10,2008,199814016.346
66,29,10,2009,46297945.6028
66,29,10,2010,0.0
66,29,10,2011,0.0
66,29,10,2012,0.0
66,29,10,2013,0.0
66,29,10,2014,0.0
66,29,10,2015,0.0
66,29,10,2016,0.0
66,29,11,2000,1666726041.7
66,29,11,2001,0.0
66,29,11,2002,156953437.77
66,29,11,2003,37089524.4437
66,29,11,2004,0.0
66,29,11,2005,0.0
66,29,11,2006,0.0
66,29,11,2007,0.0
66,29,11,2008,0.0
66,29,11,2009,0.0
66,29,11,2010,0.0
66,29,11,2011,1669028599.97
66,29,11,2012,0.0
66,29,11,2013,155808118.162
66,29,11,2014,37164870.4547
66,29,11,2015,0.0
66,29,11,2016,0.0
66,29,12,2000,0.0
66,29,12,2001,0.0
66,29,12,2002,0.0
66,29,12,2003,0.0
66,29,12,2004,0.0
66,29,12,2005,281766273.284
66,29,12,2006,0.0
66,29,12,2007,26117529.5371
66,29,12,2008,6279310.88817
66,29,12,2009,0.0
66,29,12,2010,0.0
66,29,12,2011,0.0
66,29,12,2012,0.0
66,29,12,2013,0.0
66,29,12,2014,0.0
66,29,12,2015,0.0
66,29,12,2016,346374890.928
66,29,13,2000,0.0
66,29,13,2001,32831030.4479
66,29,13,2002,7929933.73873
66,29,13,2003,0.0
66,29,13,2004,0.0
66,29,13,2005,0.0
66,29,13,2006,0.0
66,29,13,2007,0.0
66,29,13,2008,0.0
66,29,13,2009,0.0
66,29,13,2010,356847018.243
66,29,13,2011,0.0
66,29,13,2012,33243284.6083
66,29,13,2013,7968667.32026
66,29,13,2014,0.0
66,29,13,2015,0.0
66,29,13,2016,0.0
66,29,71,2000,0.0
66,29,71,2001,0.0
66,29,71,2002,0.0
66,29,71,2003,0.0
66,29,71,2004,367784645.551
66,29,71,2005,0.0
66,29,71,2006,34213495.552
66,29,71,2007,8221649.03509
66,29,71,2008,0.0
66,29,71,2009,0.0
66,29,71,2010,0.0
66,29,71,2011,0.0
66,29,71,2012,0.0
66,29,71,2013,0.0
66,29,71,2014,0.0
66,29,71,2015,369974206.579
66,29,71,2016,0.0
66,30,4,2000,0.0
66,30,4,2001,883541.093143
66,30,4,2002,0.0
66,30,4,2003,0.0
66,30,4,2004,0.0
66,30,4,2005,1061714.86646
66,30,4,2006,0.0
66,30,4,2007,0.0
66,30,4,2008,3566254.45391
66,30,4,2009,797199.467874
66,30,4,2010,0.0
66,30,4,2011,0.0
66,30,4,2012,883541.093143
66,30,4,2013,0.0
66,30,4,2014,0.0
66,30,4,2015,0.0
66,30,4,2016,1061714.86646
66,30,5,2000,0.0
66,30,5,2001,0.0
66,30,5,2002,12283765.3413
66,30,5,2003,2745909.27823
66,30,5,2004,0.0
66,30,5,2005,0.0
66,30,5,2006,3043308.24519
66,30,5,2007,0.0
66,30,5,2008,0.0
66,30,5,2009,0.0
66,30,5,2010,3863462.47577
66,30,5,2011,0.0
66,30,5,2012,0.0
66,30,5,2013,15057518.9809
66,30,5,2014,3365953.34804
66,30,5,2015,0.0
66,30,5,2016,0.0
66,30,6,2000,7264674.73014
66,30,6,2001,0.0
66,30,6,2002,0.0
66,30,6,2003,0.0
66,30,6,2004,8729659.79833
66,30,6,2005,0.0
66,30,6,2006,0.0
66,30,6,2007,29322550.8283
66,30,6,2008,6554754.35618
66,30,6,2009,0.0
66,30,6,2010,0.0
66,30,6,2011,7264702.16254
66,30,6,2012,0.0
66,30,6,2013,0.0
66,30,6,2014,0.0
66,30,6,2015,8729692.76272
66,30,6,2016,0.0
66,30,7,2000,0.0
66,30,7,2001,7132539.29699
66,30,7,2002,1594405.72893
66,30,7,2003,0.0
66,30,7,2004,0.0
66,30,7,2005,1767117.197
66,30,7,2006,0.0
66,30,7,2007,0.0
66,30,7,2008,0.0
66,30,7,2009,2123471.80386
66,30,7,2010,0.0
66,30,7,2011,0.0
66,30,7,2012,7132650.22229
66,30,7,2013,1594430.52514
66,30,7,2014,0.0
66,30,7,2015,0.0
66,30,7,2016,1767196.8124
66,30,8,2000,0.0
66,30,8,2001,0.0
66,30,8,2002,0.0
66,30,8,2003,9202125.72238
66,30,8,2004,0.0
66,30,8,2005,0.0
66,30,8,2006,30909543.4938
66,30,8,2007,6909510.22815
66,30,8,2008,0.0
66,30,8,2009,0.0
66,30,8,2010,7658656.22545
66,30,8,2011,0.0
66,30,8,2012,0.0
66,30,8,2013,0.0
66,30,8,2014,9203091.10099
66,30,8,2015,0.0
66,30,8,2016,0.0
66,30,9,2000,15456393.0795
66,30,9,2001,3455117.54628
66,30,9,2002,0.0
66,30,9,2003,0.0
66,30,9,2004,3830134.58344
66,30,9,2005,0.0
66,30,9,2006,0.0
66,30,9,2007,0.0
66,30,9,2008,4602514.65307
66,30,9,2009,0.0
66,30,9,2010,0.0
66,30,9,2011,15459648.2533
66,30,9,2012,3455845.20686
66,30,9,2013,0.0
66,30,9,2014,0.0
66,30,9,2015,3831590.16453
66,30,9,2016,0.0
66,30,10,2000,0.0
66,30,10,2001,0.0
66,30,10,2002,27153350.4078
66,30,10,2003,0.0
66,30,10,2004,0.0
66,30,10,2005,91206933.132
66,30,10,2006,20388370.9081
66,30,10,2007,0.0
66,30,10,2008,0.0
66,30,10,2009,22610856.468
66,30,10,2010,0.0
66,30,10,2011,0.0
66,30,10,2012,0.0
66,30,10,2013,20082567.8925
66,30,10,2014,0.0
66,30,10,2015,0.0
66,30,10,2016,67456479.5645
66,30,11,2000,16321018.1253
66,30,11,2001,0.0
66,30,11,2002,0.0
66,30,11,2003,18106566.1668
66,30,11,2004,0.0
66,30,11,2005,0.0
66,30,11,2006,0.0
66,30,11,2007,21757913.2754
66,30,11,2008,0.0
66,30,11,2009,0.0
66,30,11,2010,73083892.4627
66,30,11,2011,16337151.7468
66,30,11,2012,0.0
66,30,11,2013,0.0
66,30,11,2014,18133066.1365
66,30,11,2015,0.0
66,30,11,2016,0.0
66,30,12,2000,0.0
66,30,12,2001,3671100.39702
66,30,12,2002,0.0
66,30,12,2003,0.0
66,30,12,2004,12331067.931
66,30,12,2005,2756483.28517
66,30,12,2006,0.0
66,30,12,2007,0.0
66,30,12,2008,3061337.4129
66,30,12,2009,0.0
66,30,12,2010,0.0
66,30,12,2011,0.0
66,30,12,2012,4301685.55885
66,30,12,2013,0.0
66,30,12,2014,0.0
66,30,12,2015,15146722.7399
66,30,12,2016,3385893.92997
66,30,13,2000,0.0
66,30,13,2001,0.0
66,30,13,2002,3862085.25393
66,30,13,2003,0.0
66,30,13,2004,0.0
66,30,13,2005,0.0
66,30,13,2006,4640908.45515
66,30,13,2007,0.0
66,30,13,2008,0.0
66,30,13,2009,15588611.3788
66,30,13,2010,3484673.58589
66,30,13,2011,0.0
66,30,13,2012,0.0
66,30,13,2013,3875935.20366
66,30,13,2014,0.0
66,30,13,2015,0.0
66,30,13,2016,0.0
66,30,71,2000,4776975.76218
66,30,71,2001,0.0
66,30,71,2002,0.0
66,30,71,2003,16045655.5958
66,30,71,2004,3586841.11522
66,30,71,2005,0.0
66,30,71,2006,0.0
66,30,71,2007,3992808.66943
66,30,71,2008,0.0
66,30,71,2009,0.0
66,30,71,2010,0.0
66,30,71,2011,4797993.38839
66,30,71,2012,0.0
66,30,71,2013,0.0
66,30,71,2014,16116252.8959
66,30,71,2015,3602622.41484
66,30,71,2016,0.0
67,28,4,2000,0.0
67,28,4,2001,473025.137386
67,28,4,2002,0.0
67,28,4,2003,11652518.76
67,28,4,2004,6314455.68648
67,28,4,2005,569361.828524
67,28,4,2006,43508750.4533
67,28,4,2007,0.0
67,28,4,2008,0.0
67,28,4,2009,152788209.234
67,28,4,2010,0.0
67,28,4,2011,0.0
67,28,4,2012,491525.40245
67,28,4,2013,0.0
67,28,4,2014,12108254.975
67,28,4,2015,6314455.68648
67,28,4,2016,591629.872889
67,28,5,2000,149863485.588
67,28,5,2001,0.0
67,28,5,2002,0.0
67,28,5,2003,546853217.968
67,28,5,2004,0.0
67,28,5,2005,0.0
67,28,5,2006,1693031.61802
67,28,5,2007,0.0
67,28,5,2008,41706203.6055
67,28,5,2009,21749791.809
67,28,5,2010,2152874.95911
67,28,5,2011,166783862.797
67,28,5,2012,0.0
67,28,5,2013,0.0
67,28,5,2014,670336074.486
67,28,5,2015,0.0
67,28,5,2016,0.0
67,28,6,2000,4041425.63177
67,28,6,2001,0.0
67,28,6,2002,99556628.7484
67,28,6,2003,51918857.8667
67,28,6,2004,4864505.72218
67,28,6,2005,357743429.351
67,28,6,2006,0.0
67,28,6,2007,0.0
67,28,6,2008,1305389790.58
67,28,6,2009,0.0
67,28,6,2010,0.0
67,28,6,2011,4041413.34267
67,28,6,2012,0.0
67,28,6,2013,99556326.0184
67,28,6,2014,51918857.869
67,28,6,2015,4864490.93027
67,28,6,2016,357758099.93
67,28,7,2000,0.0
67,28,7,2001,0.0
67,28,7,2002,317526280.825
67,28,7,2003,0.0
67,28,7,2004,0.0
67,28,7,2005,983041.958049
67,28,7,2006,0.0
67,28,7,2007,24216292.0164
67,28,7,2008,12628911.382
67,28,7,2009,1183249.09717
67,28,7,2010,87031454.0356
67,28,7,2011,0.0
67,28,7,2012,0.0
67,28,7,2013,317524817.396
67,28,7,2014,0.0
67,28,7,2015,0.0
67,28,7,2016,983039.084707
67,28,8,2000,0.0
67,28,8,2001,104936958.683
67,28,8,2002,54725282.9805
67,28,8,2003,5127397.76745
67,28,8,2004,377220985.39
67,28,8,2005,0.0
67,28,8,2006,0.0
67,28,8,2007,1375936853.63
67,28,8,2008,0.0
67,28,8,2009,0.0
67,28,8,2010,4259865.02291
67,28,8,2011,0.0
67,28,8,2012,104937672.803
67,28,8,2013,54725285.0215
67,28,8,2014,5127432.66059
67,28,8,2015,377378397.68
67,28,8,2016,0.0
67,28,9,2000,0.0
67,28,9,2001,687973108.602
67,28,9,2002,0.0
67,28,9,2003,0.0
67,28,9,2004,2129999.18013
67,28,9,2005,0.0
67,28,9,2006,52470478.7202
67,28,9,2007,27362647.4836
67,28,9,2008,2563796.57677
67,28,9,2009,188822337.701
67,28,9,2010,0.0
67,28,9,2011,0.0
67,28,9,2012,687994642.738
67,28,9,2013,0.0
67,28,9,2014,0.0
67,28,9,2015,2130168.43546
67,28,9,2016,0.0
67,28,10,2000,296039483.048
67,28,10,2001,161369577.38
67,28,10,2002,15121027.4266
67,28,10,2003,1114805179.42
67,28,10,2004,0.0
67,28,10,2005,0.0
67,28,10,2006,4030109410.68
67,28,10,2007,0.0
67,28,10,2008,0.0
67,28,10,2009,12564575.3602
67,28,10,2010,0.0
67,28,10,2011,243838749.031
67,28,10,2012,122564539.421
67,28,10,2013,11178249.3469
67,28,10,2014,825350064.299
67,28,10,2015,0.0
67,28,10,2016,0.00438890087271
67,28,11,2000,3158768553.96
67,28,11,2001,0.0404476960905
67,28,11,2002,0.0
67,28,11,2003,9980947.83192
67,28,11,2004,0.0
67,28,11,2005,210741757.712
67,28,11,2006,91252183.0999
67,28,11,2007,12103344.6274
67,28,11,2008,880881878.475
67,28,11,2009,1.00960855023e-09
67,28,11,2010,0.24325933819
67,28,11,2011,3075604220.81
67,28,11,2012,1.59455218004
67,28,11,2013,0.0
67,28,11,2014,2457199.19396
67,28,11,2015,0.0
67,28,11,2016,199873339.775
67,28,12,2000,10478728.0283
67,28,12,2001,2041582.61981
67,28,12,2002,138421458.463
67,28,12,2003,2.50751003562e-08
67,28,12,2004,0.621483477616
67,28,12,2005,510527036.856
67,28,12,2006,3.49303834204
67,28,12,2007,0.0
67,28,12,2008,0.0
67,28,12,2009,0.0
67,28,12,2010,38023071.4827
67,28,12,2011,17123892.7589
67,28,12,2012,2396876.90341
67,28,12,2013,175265658.406
67,28,12,2014,1.22428675803e-06
67,28,12,2015,5.55157287702
67,28,12,2016,645499214.498
67,28,13,2000,27.948722305
67,28,13,2001,0.0
67,28,13,2002,0.0
67,28,13,2003,0.0
67,28,13,2004,45358672.5947
67,28,13,2005,19391341.2501
67,28,13,2006,2608638.0893
67,28,13,2007,180192900.892
67,28,13,2008,2.42080990206e-05
67,28,13,2009,26.3360075919
67,28,13,2010,663646130.345
67,28,13,2011,115.537531003
67,28,13,2012,0.0
67,28,13,2013,0.0
67,28,13,2014,0.0
67,28,13,2015,45935473.1858
67,28,13,2016,19637929.9719
67,28,71,2000,2751976.87294
67,28,71,2001,187163397.048
67,28,71,2002,0.00029059490901
67,28,71,2003,92.7538474121
67,28,71,2004,689318300.434
67,28,71,2005,370.012270663
67,28,71,2006,0.0
67,28,71,2007,0.0
67,28,71,2008,0.0
67,28,71,2009,47217023.1667
67,28,71,2010,20185806.9618
67,28,71,2011,2918303.12295
67,28,71,2012,187575426.907
67,28,71,2013,0.00235871691813
67,28,71,2014,258.335123135
67,28,71,2015,690835796.519
67,28,71,2016,948.074634501
67,29,4,2000,6826469.28329
67,29,4,2001,0.0
67,29,4,2002,0.0
67,29,4,2003,16663871.15
67,29,4,2004,0.0
67,29,4,2005,0.0
67,29,4,2006,0.0
67,29,4,2007,0.0
67,29,4,2008,0.0
67,29,4,2009,43326064.99
67,29,4,2010,0.0
67,29,4,2011,7416570.6254
67,29,4,2012,0.0
67,29,4,2013,0.0
67,29,4,2014,16663871.2034
67,29,4,2015,0.0
67,29,4,2016,0.0
67,29,5,2000,0.0
67,29,5,2001,0.0
67,29,5,2002,0.0
67,29,5,2003,149234224.332
67,29,5,2004,0.0
67,29,5,2005,25257164.3928
67,29,5,2006,0.0
67,29,5,2007,0.0
67,29,5,2008,57397786.7349
67,29,5,2009,0.0
67,29,5,2010,0.0
67,29,5,2011,0.0
67,29,5,2012,0.0
67,29,5,2013,0.0
67,29,5,2014,182932300.949
67,29,5,2015,0.0
67,29,5,2016,30968771.7582
67,29,6,2000,0.0
67,29,6,2001,0.0
67,29,6,2002,137014280.346
67,29,6,2003,0.0
67,29,6,2004,0.0
67,29,6,2005,0.0
67,29,6,2006,0.0
67,29,6,2007,0.0
67,29,6,2008,356237128.9
67,29,6,2009,0.0
67,29,6,2010,59845658.0103
67,29,6,2011,0.0
67,29,6,2012,0.0
67,29,6,2013,137015396.742
67,29,6,2014,0.0
67,29,6,2015,0.0
67,29,6,2016,0.0
67,29,7,2000,0.0
67,29,7,2001,0.0
67,29,7,2002,86652980.6421
67,29,7,2003,0.0
67,29,7,2004,14489049.0259
67,29,7,2005,0.0
67,29,7,2006,0.0
67,29,7,2007,33329015.231
67,29,7,2008,0.0
67,29,7,2009,0.0
67,29,7,2010,0.0
67,29,7,2011,0.0
67,29,7,2012,0.0
67,29,7,2013,86655439.6005
67,29,7,2014,0.0
67,29,7,2015,14629808.2345
67,29,7,2016,0.0
67,29,8,2000,0.0
67,29,8,2001,144436660.717
67,29,8,2002,0.0
67,29,8,2003,0.0
67,29,8,2004,0.0
67,29,8,2005,0.0
67,29,8,2006,0.0
67,29,8,2007,375535317.865
67,29,8,2008,0.0
67,29,8,2009,63488469.1302
67,29,8,2010,0.0
67,29,8,2011,0.0
67,29,8,2012,144461055.678
67,29,8,2013,0.0
67,29,8,2014,0.0
67,29,8,2015,0.0
67,29,8,2016,0.0
67,29,9,2000,0.0
67,29,9,2001,187799372.381
67,29,9,2002,0.0
67,29,9,2003,31401509.7338
67,29,9,2004,0.0
67,29,9,2005,0.0
67,29,9,2006,72254535.5422
67,29,9,2007,0.0
67,29,9,2008,0.0
67,29,9,2009,0.0
67,29,9,2010,0.0
67,29,9,2011,0.0
67,29,9,2012,187861792.41
67,29,9,2013,0.0
67,29,9,2014,31484371.2904
67,29,9,2015,0.0
67,29,9,2016,0.0
67,29,10,2000,426370213.314
67,29,10,2001,0.0
67,29,10,2002,0.0
67,29,10,2003,0.0
67,29,10,2004,0.0
67,29,10,2005,0.0
67,29,10,2006,1108562554.62
67,29,10,2007,0.0
67,29,10,2008,184157488.236
67,29,10,2009,0.0
67,29,10,2010,0.0
67,29,10,2011,371124114.265
67,29,10,2012,0.0
67,29,10,2013,0.0
67,29,10,2014,0.0
67,29,10,2015,0.0
67,29,10,2016,0.0
67,29,11,2000,887728881.323
67,29,11,2001,0.0
67,29,11,2002,145290418.823
67,29,11,2003,0.0
67,29,11,2004,0.0
67,29,11,2005,341964143.79
67,29,11,2006,0.0
67,29,11,2007,0.0
67,29,11,2008,0.0
67,29,11,2009,0.0
67,29,11,2010,0.0
67,29,11,2011,889106773.853
67,29,11,2012,0.0
67,29,11,2013,144928032.542
67,29,11,2014,0.0
67,29,11,2015,0.0
67,29,11,2016,342752917.761
67,29,12,2000,0.0
67,29,12,2001,0.0
67,29,12,2002,0.0
67,29,12,2003,0.0
67,29,12,2004,0.0
67,29,12,2005,150140680.28
67,29,12,2006,0.0
67,29,12,2007,24410606.3553
67,29,12,2008,0.0
67,29,12,2009,0.0
67,29,12,2010,61205620.4001
67,29,12,2011,0.0
67,29,12,2012,0.0
67,29,12,2013,0.0
67,29,12,2014,0.0
67,29,12,2015,0.0
67,29,12,2016,184644741.848
67,29,13,2000,0.0
67,29,13,2001,30776145.6649
67,29,13,2002,0.0
67,29,13,2003,0.0
67,29,13,2004,73208271.6052
67,29,13,2005,0.0
67,29,13,2006,0.0
67,29,13,2007,0.0
67,29,13,2008,0.0
67,29,13,2009,0.0
67,29,13,2010,190341506.174
67,29,13,2011,0.0
67,29,13,2012,31177332.3455
67,29,13,2013,0.0
67,29,13,2014,0.0
67,29,13,2015,73626401.3447
67,29,13,2016,0.0
67,29,71,2000,0.0
67,29,71,2001,0.0
67,29,71,2002,0.0
67,29,71,2003,0.0
67,29,71,2004,196337070.252
67,29,71,2005,0.0
67,29,71,2006,32096088.6741
67,29,71,2007,0.0
67,29,71,2008,0.0
67,29,71,2009,76045419.4342
67,29,71,2010,0.0
67,29,71,2011,0.0
67,29,71,2012,0.0
67,29,71,2013,0.0
67,29,71,2014,0.0
67,29,71,2015,197718090.529
67,29,71,2016,0.0
67,30,4,2000,0.0
67,30,4,2001,0.0
67,30,4,2002,0.0
67,30,4,2003,1304866.81556
67,30,4,2004,0.0
67,30,4,2005,4274393.24373
67,30,4,2006,0.0
67,30,4,2007,0.0
67,30,4,2008,0.0
67,30,4,2009,7062414.05921
67,30,4,2010,0.0
67,30,4,2011,0.0
67,30,4,2012,0.0
67,30,4,2013,0.0
67,30,4,2014,1304866.81556
67,30,4,2015,0.0
67,30,4,2016,4274393.24373
67,30,5,2000,0.0
67,30,5,2001,0.0
67,30,5,2002,0.0
67,30,5,2003,24326092.8706
67,30,5,2004,0.0
67,30,5,2005,0.0
67,30,5,2006,0.0
67,30,5,2007,0.0
67,30,5,2008,4494541.3064
67,30,5,2009,0.0
67,30,5,2010,15554042.2641
67,30,5,2011,0.0
67,30,5,2012,0.0
67,30,5,2013,0.0
67,30,5,2014,29819081.9336
67,30,5,2015,0.0
67,30,5,2016,0.0
67,30,6,2000,0.0
67,30,6,2001,0.0
67,30,6,2002,10728910.1581
67,30,6,2003,0.0
67,30,6,2004,35145028.2478
67,30,6,2005,0.0
67,30,6,2006,0.0
67,30,6,2007,0.0
67,30,6,2008,58068766.1278
67,30,6,2009,0.0
67,30,6,2010,0.0
67,30,6,2011,0.0
67,30,6,2012,0.0
67,30,6,2013,10728950.6731
67,30,6,2014,0.0
67,30,6,2015,35145160.9639
67,30,6,2016,0.0
67,30,7,2000,0.0
67,30,7,2001,0.0
67,30,7,2002,14124888.3428
67,30,7,2003,0.0
67,30,7,2004,0.0
67,30,7,2005,0.0
67,30,7,2006,0.0
67,30,7,2007,2609785.17986
67,30,7,2008,0.0
67,30,7,2009,8548955.34727
67,30,7,2010,0.0
67,30,7,2011,0.0
67,30,7,2012,0.0
67,30,7,2013,14125107.1189
67,30,7,2014,0.0
67,30,7,2015,0.0
67,30,7,2016,0.0
67,30,8,2000,0.0
67,30,8,2001,11309577.5697
67,30,8,2002,0.0
67,30,8,2003,37047138.7402
67,30,8,2004,0.0
67,30,8,2005,0.0
67,30,8,2006,0.0
67,30,8,2007,61211549.4698
67,30,8,2008,0.0
67,30,8,2009,0.0
67,30,8,2010,0.0
67,30,8,2011,0.0
67,30,8,2012,11310771.5271
67,30,8,2013,0.0
67,30,8,2014,37051049.8237
67,30,8,2015,0.0
67,30,8,2016,0.0
67,30,9,2000,0.0
67,30,9,2001,30609005.8006
67,30,9,2002,0.0
67,30,9,2003,0.0
67,30,9,2004,0.0
67,30,9,2005,0.0
67,30,9,2006,5656600.35347
67,30,9,2007,0.0
67,30,9,2008,18529503.5823
67,30,9,2009,0.0
67,30,9,2010,0.0
67,30,9,2011,0.0
67,30,9,2012,30615579.6034
67,30,9,2013,0.0
67,30,9,2014,0.0
67,30,9,2015,0.0
67,30,9,2016,0.0
67,30,10,2000,33372579.1387
67,30,10,2001,0.0
67,30,10,2002,109319606.488
67,30,10,2003,0.0
67,30,10,2004,0.0
67,30,10,2005,0.0
67,30,10,2006,180624542.896
67,30,10,2007,0.0
67,30,10,2008,0.0
67,30,10,2009,0.0
67,30,10,2010,0.0
67,30,10,2011,29039005.9379
67,30,10,2012,0.0
67,30,10,2013,80855386.8559
67,30,10,2014,0.0
67,30,10,2015,0.0
67,30,10,2016,0.0
67,30,11,2000,144596094.288
67,30,11,2001,0.0
67,30,11,2002,0.0
67,30,11,2003,0.0
67,30,11,2004,0.0
67,30,11,2005,26744233.4546
67,30,11,2006,0.0
67,30,11,2007,87606926.1811
67,30,11,2008,0.0
67,30,11,2009,0.0
67,30,11,2010,0.0
67,30,11,2011,144749523.936
67,30,11,2012,0.0
67,30,11,2013,0.0
67,30,11,2014,0.0
67,30,11,2015,0.0
67,30,11,2016,26786947.3393
67,30,12,2000,0.0
67,30,12,2001,14783435.9091
67,30,12,2002,0.0
67,30,12,2003,0.0
67,30,12,2004,0.0
67,30,12,2005,24426097.379
67,30,12,2006,0.0
67,30,12,2007,0.0
67,30,12,2008,0.0
67,30,12,2009,0.0
67,30,12,2010,4778699.11889
67,30,12,2011,0.0
67,30,12,2012,17326653.148
67,30,12,2013,0.0
67,30,12,2014,0.0
67,30,12,2015,0.0
67,30,12,2016,30010205.451
67,30,13,2000,0.0
67,30,13,2001,0.0
67,30,13,2002,0.0
67,30,13,2003,0.0
67,30,13,2004,5708488.73703
67,30,13,2005,0.0
67,30,13,2006,18699475.9913
67,30,13,2007,0.0
67,30,13,2008,0.0
67,30,13,2009,0.0
67,30,13,2010,30896418.4179
67,30,13,2011,0.0
67,30,13,2012,0.0
67,30,13,2013,0.0
67,30,13,2014,0.0
67,30,13,2015,5731854.83786
67,30,13,2016,0.0
67,30,71,2000,19257453.3972
67,30,71,2001,0.0
67,30,71,2002,0.0
67,30,71,2003,0.0
67,30,71,2004,31818342.8295
67,30,71,2005,0.0
67,30,71,2006,0.0
67,30,71,2007,0.0
67,30,71,2008,0.0
67,30,71,2009,5908810.16188
67,30,71,2010,0.0
67,30,71,2011,19355675.1794
67,30,71,2012,0.0
67,30,71,2013,0.0
67,30,71,2014,0.0
67,30,71,2015,31980630.868
67,30,71,2016,0.0
68,28,4,2000,196062837.608
68,28,4,2001,1159050.50806
68,28,4,2002,0.0
68,28,4,2003,27620636.1697
68,28,4,2004,0.0
68,28,4,2005,851377.087719
68,28,4,2006,20659706.5492
68,28,4,2007,0.0
68,28,4,2008,0.0
68,28,4,2009,99307551.9592
68,28,4,2010,0.0
68,28,4,2011,217263806.171
68,28,4,2012,1159050.52655
68,28,4,2013,0.0
68,28,4,2014,27620636.6104
68,28,4,2015,0.0
68,28,4,2016,851377.101302
68,28,5,2000,71161227.5474
68,28,5,2001,0.0
68,28,5,2002,0.0
68,28,5,2003,342059351.094
68,28,5,2004,0.0
68,28,5,2005,748346962.312
68,28,5,2006,3992287.85995
68,28,5,2007,0.0
68,28,5,2008,95137812.9752
68,28,5,2009,0.0
68,28,5,2010,3098068.77946
68,28,5,2011,79195975.9728
68,28,5,2012,0.0
68,28,5,2013,0.0
68,28,5,2014,419298844.339
68,28,5,2015,0.0
68,28,5,2016,917298820.531
68,28,6,2000,9530039.29289
68,28,6,2001,0.0
68,28,6,2002,227104639.67
68,28,6,2003,0.0
68,28,6,2004,7000261.88904
68,28,6,2005,169875199.036
68,28,6,2006,0.0
68,28,6,2007,0.0
68,28,6,2008,816534625.258
68,28,6,2009,0.0
68,28,6,2010,1786206958.64
68,28,6,2011,9530344.04848
68,28,6,2012,0.0
68,28,6,2013,227111902.117
68,28,6,2014,0.0
68,28,6,2015,7000485.74635
68,28,6,2016,169894959.784
68,28,7,2000,0.0
68,28,7,2001,0.0
68,28,7,2002,198622881.911
68,28,7,2003,0.0
68,28,7,2004,434451168.65
68,28,7,2005,2318439.34797
68,28,7,2006,0.0
68,28,7,2007,55249334.9224
68,28,7,2008,0.0
68,28,7,2009,1703002.69609
68,28,7,2010,41338250.8781
68,28,7,2011,0.0
68,28,7,2012,0.0
68,28,7,2013,198644092.222
68,28,7,2014,0.0
68,28,7,2015,434440649.894
68,28,7,2016,2319085.4256
68,28,8,2000,0.0
68,28,8,2001,239480501.911
68,28,8,2002,0.0
68,28,8,2003,7381734.83875
68,28,8,2004,179247464.333
68,28,8,2005,0.0
68,28,8,2006,0.0
68,28,8,2007,861030942.249
68,28,8,2008,0.0
68,28,8,2009,1882830395.59
68,28,8,2010,10055557.4128
68,28,8,2011,0.0
68,28,8,2012,239627946.195
68,28,8,2013,0.0
68,28,8,2014,7386279.65389
68,28,8,2015,179462827.709
68,28,8,2016,0.0
68,28,9,2000,0.0
68,28,9,2001,430780532.56
68,28,9,2002,0.0
68,28,9,2003,941857315.361
68,28,9,2004,5033847.92802
68,28,9,2005,0.0
68,28,9,2006,119958605.071
68,28,9,2007,0.0
68,28,9,2008,3697597.95555
68,28,9,2009,89915035.8426
68,28,9,2010,0.0
68,28,9,2011,0.0
68,28,9,2012,431300544.015
68,28,9,2013,0.0
68,28,9,2014,942848587.624
68,28,9,2015,5044730.79827
68,28,9,2016,0.0
68,28,10,2000,708977643.303
68,28,10,2001,0.0
68,28,10,2002,21853490.9009
68,28,10,2003,531988907.698
68,28,10,2004,0.0
68,28,10,2005,0.0
68,28,10,2006,2549066347.26
68,28,10,2007,0.0
68,28,10,2008,5571255625.8
68,28,10,2009,27365422.9416
68,28,10,2010,0.0
68,28,10,2011,618723146.756
68,28,10,2012,0.0
68,28,10,2013,16210766.449
68,28,10,2014,395120310.77
68,28,10,2015,0.0
68,28,10,2016,0.0122029375859
68,28,11,2000,2046599090.43
68,28,11,2001,0.112461120722
68,28,11,2002,4471368867.91
68,28,11,2003,10362299.4205
68,28,11,2004,9.78036480775e-09
68,28,11,2005,572441744.655
68,28,11,2006,1.10391357903e-07
68,28,11,2007,17644895.4896
68,28,11,2008,430628268.071
68,28,11,2009,2.8071242623e-09
68,28,11,2010,0.59615397738
68,28,11,2011,2058161083.93
68,28,11,2012,3.75057372916
68,28,11,2013,4479916104.95
68,28,11,2014,95831.8709137
68,28,11,2015,1.34574645837e-06
68,28,11,2016,577253933.585
68,28,12,2000,2.56136466342e-06
68,28,12,2001,2997837.67258
68,28,12,2002,73242218.8421
68,28,12,2003,6.68470460293e-08
68,28,12,2004,1.15223369596
68,28,12,2005,349667222.174
68,28,12,2006,6.16590547285
68,28,12,2007,762105878.01
68,28,12,2008,602547.126495
68,28,12,2009,0.0
68,28,12,2010,97538173.9819
68,28,12,2011,9.36719188988e-05
68,28,12,2012,3548228.677
68,28,12,2013,90912559.8084
68,28,12,2014,2.91532364381e-06
68,28,12,2015,8.64442278234
68,28,12,2016,433714533.196
68,28,13,2000,41.8932115632
68,28,13,2001,967164042.495
68,28,13,2002,770309.745166
68,28,13,2003,0.0
68,28,13,2004,118031895.838
68,28,13,2005,0.00158572554449
68,28,13,2006,3884012.76645
68,28,13,2007,94814482.904
68,28,13,2008,5.04077496753e-05
68,28,13,2009,37.0311626614
68,28,13,2010,452251000.812
68,28,13,2011,157.814625662
68,28,13,2012,977307308.345
68,28,13,2013,789987.106895
68,28,13,2014,0.0
68,28,13,2015,121046989.863
68,28,13,2016,0.0144478292377
68,28,71,2000,4084280.61675
68,28,71,2001,99207417.5946
68,28,71,2002,0.000537888324887
68,28,71,2003,122.526101101
68,28,71,2004,473372685.49
68,28,71,2005,478.016943008
68,28,71,2006,1013994341.47
68,28,71,2007,824259.737822
68,28,71,2008,0.0
68,28,71,2009,126298466.466
68,28,71,2010,0.0958513191975
68,28,71,2011,4236132.83879
68,28,71,2012,101635422.675
68,28,71,2013,0.00397639415683
68,28,71,2014,328.029087612
68,28,71,2015,485232086.048
68,28,71,2016,1183.15585497
68,29,4,2000,58299309.5397
68,29,4,2001,0.0
68,29,4,2002,0.0
68,29,4,2003,35766493.4577
68,29,4,2004,0.0
68,29,4,2005,0.0
68,29,4,2006,0.0
68,29,4,2007,0.0
68,29,4,2008,0.0
68,29,4,2009,4585447.8792
68,29,4,2010,0.0
68,29,4,2011,63753514.7602
68,29,4,2012,0.0
68,29,4,2013,0.0
68,29,4,2014,35766494.0992
68,29,4,2015,0.0
68,29,4,2016,0.0
68,29,5,2000,0.0
68,29,5,2001,0.0
68,29,5,2002,0.0
68,29,5,2003,15794320.7561
68,29,5,2004,0.0
68,29,5,2005,219593879.321
68,29,5,2006,0.0
68,29,5,2007,0.0
68,29,5,2008,123195795.536
68,29,5,2009,0.0
68,29,5,2010,0.0
68,29,5,2011,0.0
68,29,5,2012,0.0
68,29,5,2013,0.0
68,29,5,2014,19360794.9974
68,29,5,2015,0.0
68,29,5,2016,269172528.524
68,29,6,2000,0.0
68,29,6,2001,0.0
68,29,6,2002,294082384.506
68,29,6,2003,0.0
68,29,6,2004,0.0
68,29,6,2005,0.0
68,29,6,2006,0.0
68,29,6,2007,0.0
68,29,6,2008,37702869.8085
68,29,6,2009,0.0
68,29,6,2010,524155568.5
68,29,6,2011,0.0
68,29,6,2012,0.0
68,29,6,2013,294092584.226
68,29,6,2014,0.0
68,29,6,2015,0.0
68,29,6,2016,0.0
68,29,7,2000,0.0
68,29,7,2001,0.0
68,29,7,2002,9171286.41037
68,29,7,2003,0.0
68,29,7,2004,127494032.302
68,29,7,2005,0.0
68,29,7,2006,0.0
68,29,7,2007,71544243.5048
68,29,7,2008,0.0
68,29,7,2009,0.0
68,29,7,2010,0.0
68,29,7,2011,0.0
68,29,7,2012,0.0
68,29,7,2013,9172338.91088
68,29,7,2014,0.0
68,29,7,2015,127503021.162
68,29,7,2016,0.0
68,29,8,2000,0.0
68,29,8,2001,310117337.986
68,29,8,2002,0.0
68,29,8,2003,0.0
68,29,8,2004,0.0
68,29,8,2005,0.0
68,29,8,2006,0.0
68,29,8,2007,39758633.0752
68,29,8,2008,0.0
68,29,8,2009,552680855.618
68,29,8,2010,0.0
68,29,8,2011,0.0
68,29,8,2012,310320414.833
68,29,8,2013,0.0
68,29,8,2014,0.0
68,29,8,2015,0.0
68,29,8,2016,0.0
68,29,9,2000,0.0
68,29,9,2001,19892334.2841
68,29,9,2002,0.0
68,29,9,2003,276545848.672
68,29,9,2004,0.0
68,29,9,2005,0.0
68,29,9,2006,155358779.379
68,29,9,2007,0.0
68,29,9,2008,0.0
68,29,9,2009,0.0
68,29,9,2010,0.0
68,29,9,2011,0.0
68,29,9,2012,19917792.228
68,29,9,2013,0.0
68,29,9,2014,276950939.351
68,29,9,2015,0.0
68,29,9,2016,0.0
68,29,10,2000,918313081.121
68,29,10,2001,0.0
68,29,10,2002,0.0
68,29,10,2003,0.0
68,29,10,2004,0.0
68,29,10,2005,0.0
68,29,10,2006,117732446.298
68,29,10,2007,0.0
68,29,10,2008,1637442283.24
68,29,10,2009,0.0
68,29,10,2010,0.0
68,29,10,2011,801568387.706
68,29,10,2012,0.0
68,29,10,2013,0.0
68,29,10,2014,0.0
68,29,10,2015,0.0
68,29,10,2016,0.0
68,29,11,2000,94543963.6781
68,29,11,2001,0.0
68,29,11,2002,1315186192.71
68,29,11,2003,0.0
68,29,11,2004,0.0
68,29,11,2005,741830566.132
68,29,11,2006,0.0
68,29,11,2007,0.0
68,29,11,2008,0.0
68,29,11,2009,0.0
68,29,11,2010,0.0
68,29,11,2011,95106482.8375
68,29,11,2012,0.0
68,29,11,2013,1322840789.43
68,29,11,2014,0.0
68,29,11,2015,0.0
68,29,11,2016,748380970.787
68,29,12,2000,0.0
68,29,12,2001,0.0
68,29,12,2002,0.0
68,29,12,2003,0.0
68,29,12,2004,0.0
68,29,12,2005,16164862.1059
68,29,12,2006,0.0
68,29,12,2007,224631966.367
68,29,12,2008,0.0
68,29,12,2009,0.0
68,29,12,2010,134865162.943
68,29,12,2011,0.0
68,29,12,2012,0.0
68,29,12,2013,0.0
68,29,12,2014,0.0
68,29,12,2015,0.0
68,29,12,2016,20062149.8995
68,29,13,2000,0.0
68,29,13,2001,285437878.247
68,29,13,2002,0.0
68,29,13,2003,0.0
68,29,13,2004,163300401.741
68,29,13,2005,0.0
68,29,13,2006,0.0
68,29,13,2007,0.0
68,29,13,2008,0.0
68,29,13,2009,0.0
68,29,13,2010,20935948.9412
68,29,13,2011,0.0
68,29,13,2012,288832829.293
68,29,13,2013,0.0
68,29,13,2014,0.0
68,29,13,2015,166820637.462
68,29,13,2016,0.0
68,29,71,2000,0.0
68,29,71,2001,0.0
68,29,71,2002,0.0
68,29,71,2003,0.0
68,29,71,2004,21935652.5262
68,29,71,2005,0.0
68,29,71,2006,300122045.474
68,29,71,2007,0.0
68,29,71,2008,0.0
68,29,71,2009,175601780.632
68,29,71,2010,0.0
68,29,71,2011,0.0
68,29,71,2012,0.0
68,29,71,2013,0.0
68,29,71,2014,0.0
68,29,71,2015,22513048.7989
68,29,71,2016,0.0
68,30,4,2000,16337635.8614
68,30,4,2001,0.0
68,30,4,2002,0.0
68,30,4,2003,20086961.2656
68,30,4,2004,0.0
68,30,4,2005,3385019.47839
68,30,4,2006,0.0
68,30,4,2007,0.0
68,30,4,2008,219284.092199
68,30,4,2009,4040213.4673
68,30,4,2010,0.0
68,30,4,2011,18693211.7267
68,30,4,2012,0.0
68,30,4,2013,0.0
68,30,4,2014,20086961.492
68,30,4,2015,0.0
68,30,4,2016,3385019.51654
68,30,5,2000,0.0
68,30,5,2001,0.0
68,30,5,2002,755311.881642
68,30,5,2003,13916290.9887
68,30,5,2004,0.0
68,30,5,2005,64387031.527
68,30,5,2006,0.0
68,30,5,2007,0.0
68,30,5,2008,69188456.7656
68,30,5,2009,0.0
68,30,5,2010,12317715.9336
68,30,5,2011,0.0
68,30,5,2012,0.0
68,30,5,2013,925866.630454
68,30,5,2014,17058687.622
68,30,5,2015,0.0
68,30,5,2016,78922336.1642
68,30,6,2000,0.0
68,30,6,2001,0.0
68,30,6,2002,165160360.243
68,30,6,2003,0.0
68,30,6,2004,27832534.2041
68,30,6,2005,0.0
68,30,6,2006,0.0
68,30,6,2007,1803012.37127
68,30,6,2008,33219714.1666
68,30,6,2009,0.0
68,30,6,2010,153674114.415
68,30,6,2011,0.0
68,30,6,2012,0.0
68,30,6,2013,165164586.083
68,30,6,2014,0.0
68,30,6,2015,27833246.3351
68,30,6,2016,0.0
68,30,7,2000,0.0
68,30,7,2001,438581.798185
68,30,7,2002,8080677.76269
68,30,7,2003,0.0
68,30,7,2004,37373308.9805
68,30,7,2005,0.0
68,30,7,2006,0.0
68,30,7,2007,40178702.7151
68,30,7,2008,0.0
68,30,7,2009,6770844.50497
68,30,7,2010,0.0
68,30,7,2011,0.0
68,30,7,2012,438620.368412
68,30,7,2013,8081388.40223
68,30,7,2014,0.0
68,30,7,2015,37364036.5732
68,30,7,2016,0.0
68,30,8,2000,0.0
68,30,8,2001,174148414.997
68,30,8,2002,0.0
68,30,8,2003,29347185.4254
68,30,8,2004,0.0
68,30,8,2005,0.0
68,30,8,2006,1901132.60963
68,30,8,2007,35027536.6331
68,30,8,2008,0.0
68,30,8,2009,161868149.525
68,30,8,2010,0.0
68,30,8,2011,0.0
68,30,8,2012,174239519.465
68,30,8,2013,0.0
68,30,8,2014,29362538.1906
68,30,8,2015,0.0
68,30,8,2016,0.0
68,30,9,2000,951063.586617
68,30,9,2001,17522930.5162
68,30,9,2002,0.0
68,30,9,2003,80919671.0172
68,30,9,2004,0.0
68,30,9,2005,0.0
68,30,9,2006,87209964.7683
68,30,9,2007,0.0
68,30,9,2008,14696470.2897
68,30,9,2009,0.0
68,30,9,2010,0.0
68,30,9,2011,952048.331353
68,30,9,2012,17541074.0072
68,30,9,2013,0.0
68,30,9,2014,80925823.45
68,30,9,2015,0.0
68,30,9,2016,0.0
68,30,10,2000,515276021.083
68,30,10,2001,0.0
68,30,10,2002,86833411.2386
68,30,10,2003,0.0
68,30,10,2004,0.0
68,30,10,2005,5625133.29023
68,30,10,2006,103640620.013
68,30,10,2007,0.0
68,30,10,2008,477529385.719
68,30,10,2009,0.0
68,30,10,2010,0.0
68,30,10,2011,449469553.356
68,30,10,2012,0.0
68,30,10,2013,64382247.618
68,30,10,2014,0.0
68,30,10,2015,0.0
68,30,10,2016,4170730.12807
68,30,11,2000,83172197.3827
68,30,11,2001,0.0
68,30,11,2002,382555011.174
68,30,11,2003,0.0
68,30,11,2004,0.0
68,30,11,2005,415554524.945
68,30,11,2006,0.0
68,30,11,2007,70028519.6289
68,30,11,2008,0.0
68,30,11,2009,0.0
68,30,11,2010,4536499.84967
68,30,11,2011,83583025.1217
68,30,11,2012,0.0
68,30,11,2013,383537789.21
68,30,11,2014,0.0
68,30,11,2015,0.0
68,30,11,2016,418622166.821
68,30,12,2000,0.0
68,30,12,2001,11885378.6465
68,30,12,2002,0.0
68,30,12,2003,0.0
68,30,12,2004,769943.713347
68,30,12,2005,14185876.0868
68,30,12,2006,0.0
68,30,12,2007,64882384.2688
68,30,12,2008,0.0
68,30,12,2009,0.0
68,30,12,2010,75292581.6011
68,30,12,2011,0.0
68,30,12,2012,14044161.8202
68,30,12,2013,0.0
68,30,12,2014,0.0
68,30,12,2015,953712.260444
68,30,12,2016,17571731.1727
68,30,13,2000,0.0
68,30,13,2001,82104697.9414
68,30,13,2002,0.0
68,30,13,2003,0.0
68,30,13,2004,90938381.5529
68,30,13,2005,0.0
68,30,13,2006,15324776.5463
68,30,13,2007,0.0
68,30,13,2008,0.0
68,30,13,2009,992750.480332
68,30,13,2010,18290993.2959
68,30,13,2011,0.0
68,30,13,2012,82732427.602
68,30,13,2013,0.0
68,30,13,2014,0.0
68,30,13,2015,92613486.5711
68,30,13,2016,0.0
68,30,71,2000,16007243.3905
68,30,71,2001,0.0
68,30,71,2002,0.0
68,30,71,2003,1036961.19266
68,30,71,2004,19105556.3294
68,30,71,2005,0.0
68,30,71,2006,85627537.5278
68,30,71,2007,0.0
68,30,71,2008,0.0
68,30,71,2009,97142751.657
68,30,71,2010,0.0
68,30,71,2011,16370326.1133
68,30,71,2012,0.0
68,30,71,2013,0.0
68,30,71,2014,1060481.96286
68,30,71,2015,19538916.2306
68,30,71,2016,0.0
69,28,4,2000,12903971.1702
69,28,4,2001,98273.1995175
69,28,4,2002,0.0
69,28,4,2003,7803688.10393
69,28,4,2004,3106465.84155
69,28,4,2005,0.0
69,28,4,2006,7407104.23448
69,28,4,2007,0.0
69,28,4,2008,0.0
69,28,4,2009,149626525.153
69,28,4,2010,0.0
69,28,4,2011,15950872.2594
69,28,4,2012,98273.1995729
69,28,4,2013,0.0
69,28,4,2014,7803688.10833
69,28,4,2015,3106465.84155
69,28,4,2016,0.0
69,28,5,2000,25513362.0378
69,28,5,2001,0.0
69,28,5,2002,0.0
69,28,5,2003,515380253.595
69,28,5,2004,0.0
69,28,5,2005,54940977.4198
69,28,5,2006,338496.596763
69,28,5,2007,0.0
69,28,5,2008,26879371.7753
69,28,5,2009,10700049.0098
69,28,5,2010,0.0
69,28,5,2011,28393984.9402
69,28,5,2012,0.0
69,28,5,2013,0.0
69,28,5,2014,631756478.07
69,28,5,2015,0.0
69,28,5,2016,67341844.1099
69,28,6,2000,808025.512923
69,28,6,2001,0.0
69,28,6,2002,64163771.1383
69,28,6,2003,25542052.475
69,28,6,2004,0.0
69,28,6,2005,60904282.4942
69,28,6,2006,0.0
69,28,6,2007,0.0
69,28,6,2008,1230264714.36
69,28,6,2009,0.0
69,28,6,2010,131113510.094
69,28,6,2011,808035.95036
69,28,6,2012,0.0
69,28,6,2013,64164599.9554
69,28,6,2014,25542052.4764
69,28,6,2015,0.0
69,28,6,2016,60909067.9931
69,28,7,2000,0.0
69,28,7,2001,0.0
69,28,7,2002,299257444.691
69,28,7,2003,0.0
69,28,7,2004,31880129.2767
69,28,7,2005,196559.578911
69,28,7,2006,0.0
69,28,7,2007,15608422.7968
69,28,7,2008,6212931.68848
69,28,7,2009,0.0
69,28,7,2010,14818874.5252
69,28,7,2011,0.0
69,28,7,2012,0.0
69,28,7,2013,299273117.415
69,28,7,2014,0.0
69,28,7,2015,31859417.8226
69,28,7,2016,196589.346207
69,28,8,2000,0.0
69,28,8,2001,67646741.7653
69,28,8,2002,26922704.1818
69,28,8,2003,0.0
69,28,8,2004,64245036.235
69,28,8,2005,0.0
69,28,8,2006,0.0
69,28,8,2007,1297046572.53
69,28,8,2008,0.0
69,28,8,2009,137922159.586
69,28,8,2010,852189.925715
69,28,8,2011,0.0
69,28,8,2012,67670783.268
69,28,8,2013,26922705.4571
69,28,8,2014,0.0
69,28,8,2015,64301864.4734
69,28,8,2016,0.0
69,28,9,2000,0.0
69,28,9,2001,648753770.007
69,28,9,2002,0.0
69,28,9,2003,68867388.7146
69,28,9,2004,426403.478491
69,28,9,2005,0.0
69,28,9,2006,33859890.2744
69,28,9,2007,13461355.9049
69,28,9,2008,0.0
69,28,9,2009,32199807.4264
69,28,9,2010,0.0
69,28,9,2011,0.0
69,28,9,2012,649223502.574
69,28,9,2013,0.0
69,28,9,2014,59344443.7793
69,28,9,2015,426971.094542
69,28,9,2016,0.0
69,28,10,2000,199952349.358
69,28,10,2001,79387560.3198
69,28,10,2002,0.0
69,28,10,2003,190356743.622
69,28,10,2004,0.0
69,28,10,2005,0.0
69,28,10,2006,3833850716.76
69,28,10,2007,0.0
69,28,10,2008,212245908.514
69,28,10,2009,2523731.67059
69,28,10,2010,0.0
69,28,10,2011,174264767.425
69,28,10,2012,63855428.5984
69,28,10,2013,7.33565622792
69,28,10,2014,141211584.284
69,28,10,2015,0.0
69,28,10,2016,0.0226962824791
69,28,11,2000,3074015826.44
69,28,11,2001,0.209166796591
69,28,11,2002,60191984.1168
69,28,11,2003,2026361.56111
69,28,11,2004,0.0
69,28,11,2005,160901060.933
69,28,11,2006,52592413.2419
69,28,11,2007,337.350134696
69,28,11,2008,153640253.113
69,28,11,2009,5.22097935541e-09
69,28,11,2010,1.0578843538
69,28,11,2011,3085086515.58
69,28,11,2012,6.54226918261
69,28,11,2013,0.0
69,28,11,2014,2038180.60842
69,28,11,2015,0.0
69,28,11,2016,144106277.375
69,28,12,2000,5151285.68099
69,28,12,2001,541.690067926
69,28,12,2002,26071780.221
69,28,12,2003,1.22506284585e-07
69,28,12,2004,1.77748290678
69,28,12,2005,522590909.075
69,28,12,2006,9.21603717202
69,28,12,2007,0.0
69,28,12,2008,0.0
69,28,12,2009,0.0
69,28,12,2010,22426650.0348
69,28,12,2011,7822605.01939
69,28,12,2012,3255.74430946
69,28,12,2013,32266400.3726
69,28,12,2014,5.11202177209e-06
69,28,12,2015,11.7589913585
69,28,12,2016,645579137.181
69,28,13,2000,55.1303222
69,28,13,2001,0.0
69,28,13,2002,0.0
69,28,13,2003,0.0
69,28,13,2004,26970973.8113
69,28,13,2005,8930501.19462
69,28,13,2006,12731.294801
69,28,13,2007,33527662.8029
69,28,13,2008,8.3021392097e-05
69,28,13,2009,45.7958678177
69,28,13,2010,669615788.818
69,28,13,2011,189.210329528
69,28,13,2012,0.0
69,28,13,2013,0.0
69,28,13,2014,0.0
69,28,13,2015,27442169.1624
69,28,13,2016,9086521.16908
69,28,71,2000,37865.3370481
69,28,71,2001,34925424.6469
69,28,71,2002,0.000828790200233
69,28,71,2003,141.180035382
69,28,71,2004,696316410.875
69,28,71,2005,535.579837694
69,28,71,2006,0.0
69,28,71,2007,0.0
69,28,71,2008,0.0
69,28,71,2009,28470562.3507
69,28,71,2010,9427037.8542
69,28,71,2011,93389.4368667
69,28,71,2012,35593398.7939
69,28,71,2013,0.00575335191877
69,28,71,2014,358.50060596
69,28,71,2015,708332665.485
69,28,71,2016,1260.85455599
69,29,4,2000,17976862.1893
69,29,4,2001,0.0
69,29,4,2002,0.0
69,29,4,2003,6781487.40553
69,29,4,2004,0.0
69,29,4,2005,0.0
69,29,4,2006,0.0
69,29,4,2007,0.0
69,29,4,2008,0.0
69,29,4,2009,44079668.136
69,29,4,2010,0.0
69,29,4,2011,21045982.6649
69,29,4,2012,0.0
69,29,4,2013,0.0
69,29,4,2014,6781487.45983
69,29,4,2015,0.0
69,29,4,2016,0.0
69,29,5,2000,0.0
69,29,5,2001,0.0
69,29,5,2002,0.0
69,29,5,2003,151829969.24
69,29,5,2004,0.0
69,29,5,2005,72490811.6452
69,29,5,2006,0.0
69,29,5,2007,0.0
69,29,5,2008,23358465.2838
69,29,5,2009,0.0
69,29,5,2010,0.0
69,29,5,2011,0.0
69,29,5,2012,0.0
69,29,5,2013,0.0
69,29,5,2014,186114223.39
69,29,5,2015,0.0
69,29,5,2016,88854946.3409
69,29,6,2000,0.0
69,29,6,2001,0.0
69,29,6,2002,55759148.0828
69,29,6,2003,0.0
69,29,6,2004,0.0
69,29,6,2005,0.0
69,29,6,2006,0.0
69,29,6,2007,0.0
69,29,6,2008,362434462.538
69,29,6,2009,0.0
69,29,6,2010,173011944.498
69,29,6,2011,0.0
69,29,6,2012,0.0
69,29,6,2013,55760434.8428
69,29,6,2014,0.0
69,29,6,2015,0.0
69,29,6,2016,0.0
69,29,7,2000,0.0
69,29,7,2001,0.0
69,29,7,2002,88161768.6029
69,29,7,2003,0.0
69,29,7,2004,42075143.9452
69,29,7,2005,0.0
69,29,7,2006,0.0
69,29,7,2007,13564465.599
69,29,7,2008,0.0
69,29,7,2009,0.0
69,29,7,2010,0.0
69,29,7,2011,0.0
69,29,7,2012,0.0
69,29,7,2013,88169026.3932
69,29,7,2014,0.0
69,29,7,2015,42062789.5944
69,29,7,2016,0.0
69,29,8,2000,0.0
69,29,8,2001,58792446.4918
69,29,8,2002,0.0
69,29,8,2003,0.0
69,29,8,2004,0.0
69,29,8,2005,0.0
69,29,8,2006,0.0
69,29,8,2007,382150902.196
69,29,8,2008,0.0
69,29,8,2009,182209051.868
69,29,8,2010,0.0
69,29,8,2011,0.0
69,29,8,2012,58821990.4868
69,29,8,2013,0.0
69,29,8,2014,0.0
69,29,8,2015,0.0
69,29,8,2016,0.0
69,29,9,2000,0.0
69,29,9,2001,191171469.082
69,29,9,2002,0.0
69,29,9,2003,91074741.5161
69,29,9,2004,0.0
69,29,9,2005,0.0
69,29,9,2006,29440321.4009
69,29,9,2007,0.0
69,29,9,2008,0.0
69,29,9,2009,0.0
69,29,9,2010,0.0
69,29,9,2011,0.0
69,29,9,2012,191362089.106
69,29,9,2013,0.0
69,29,9,2014,91057985.1561
69,29,9,2015,0.0
69,29,9,2016,0.0
69,29,10,2000,173934662.674
69,29,10,2001,0.0
69,29,10,2002,0.0
69,29,10,2003,0.0
69,29,10,2004,0.0
69,29,10,2005,0.0
69,29,10,2006,1130575307.38
69,29,10,2007,0.0
69,29,10,2008,537087065.795
69,29,10,2009,0.0
69,29,10,2010,0.0
69,29,10,2011,151702733.616
69,29,10,2012,0.0
69,29,10,2013,0.0
69,29,10,2014,0.0
69,29,10,2015,0.0
69,29,10,2016,0.0
69,29,11,2000,907182347.023
69,29,11,2001,0.0
69,29,11,2002,429982140.377
69,29,11,2003,0.0
69,29,11,2004,0.0
69,29,11,2005,140227201.671
69,29,11,2006,0.0
69,29,11,2007,0.0
69,29,11,2008,0.0
69,29,11,2009,0.0
69,29,11,2010,0.0
69,29,11,2011,911476810.861
69,29,11,2012,0.0
69,29,11,2013,430672707.673
69,29,11,2014,0.0
69,29,11,2015,0.0
69,29,11,2016,141216481.1
69,29,12,2000,0.0
69,29,12,2001,0.0
69,29,12,2002,0.0
69,29,12,2003,0.0
69,29,12,2004,0.0
69,29,12,2005,154647396.422
69,29,12,2006,0.0
69,29,12,2007,72760882.4519
69,29,12,2008,0.0
69,29,12,2009,0.0
69,29,12,2010,25386525.3388
69,29,12,2011,0.0
69,29,12,2012,0.0
69,29,12,2013,0.0
69,29,12,2014,0.0
69,29,12,2015,0.0
69,29,12,2016,191464786.524
69,29,13,2000,0.0
69,29,13,2001,91920300.2171
69,29,13,2002,0.0
69,29,13,2003,0.0
69,29,13,2004,30640517.1209
69,29,13,2005,0.0
69,29,13,2006,0.0
69,29,13,2007,0.0
69,29,13,2008,0.0
69,29,13,2009,0.0
69,29,13,2010,199163361.286
69,29,13,2011,0.0
69,29,13,2012,92436196.989
69,29,13,2013,0.0
69,29,13,2014,0.0
69,29,13,2015,31175562.4084
69,29,13,2016,0.0
69,29,71,2000,0.0
69,29,71,2001,0.0
69,29,71,2002,0.0
69,29,71,2003,0.0
69,29,71,2004,207837082.723
69,29,71,2005,0.0
69,29,71,2006,95452856.4631
69,29,71,2007,0.0
69,29,71,2008,0.0
69,29,71,2009,32660635.2096
69,29,71,2010,0.0
69,29,71,2011,0.0
69,29,71,2012,0.0
69,29,71,2013,0.0
69,29,71,2014,0.0
69,29,71,2015,212294128.862
69,29,71,2016,0.0
69,30,4,2000,779240.892431
69,30,4,2001,0.0
69,30,4,2002,0.0
69,30,4,2003,4974686.77516
69,30,4,2004,1661070.03861
69,30,4,2005,1706031.79095
69,30,4,2006,0.0
69,30,4,2007,0.0
69,30,4,2008,0.0
69,30,4,2009,5065299.30533
69,30,4,2010,0.0
69,30,4,2011,999853.933364
69,30,4,2012,0.0
69,30,4,2013,0.0
69,30,4,2014,5141954.14413
69,30,4,2015,1661070.03861
69,30,4,2016,1763394.88976
69,30,5,2000,0.0
69,30,5,2001,0.0
69,30,5,2002,0.0
69,30,5,2003,18033779.4982
69,30,5,2004,0.0
69,30,5,2005,3401962.06734
69,30,5,2006,0.0
69,30,5,2007,0.0
69,30,5,2008,17711172.943
69,30,5,2009,5721463.46632
69,30,5,2010,6416797.18621
69,30,5,2011,0.0
69,30,5,2012,0.0
69,30,5,2013,0.0
69,30,5,2014,22105920.2075
69,30,5,2015,0.0
69,30,5,2016,4125704.92127
69,30,6,2000,0.0
69,30,6,2001,0.0
69,30,6,2002,42278288.421
69,30,6,2003,13657686.9841
69,30,6,2004,14499024.2347
69,30,6,2005,0.0
69,30,6,2006,0.0
69,30,6,2007,0.0
69,30,6,2008,43048375.6362
69,30,6,2009,0.0
69,30,6,2010,7989404.97103
69,30,6,2011,0.0
69,30,6,2012,0.0
69,30,6,2013,42278552.9112
69,30,6,2014,13657686.9848
69,30,6,2015,14499114.9397
69,30,6,2016,0.0
69,30,7,2000,0.0
69,30,7,2001,0.0
69,30,7,2002,10471292.0134
69,30,7,2003,0.0
69,30,7,2004,1956043.02311
69,30,7,2005,0.0
69,30,7,2006,0.0
69,30,7,2007,10284308.9662
69,30,7,2008,3322140.07976
69,30,7,2009,3526927.18905
69,30,7,2010,0.0
69,30,7,2011,0.0
69,30,7,2012,0.0
69,30,7,2013,10471634.7816
69,30,7,2014,0.0
69,30,7,2015,1974852.22595
69,30,7,2016,0.0
69,30,8,2000,0.0
69,30,8,2001,44570002.9457
69,30,8,2002,14395940.4399
69,30,8,2003,15284950.6682
69,30,8,2004,0.0
69,30,8,2005,0.0
69,30,8,2006,0.0
69,30,8,2007,45381833.1009
69,30,8,2008,0.0
69,30,8,2009,8544907.00994
69,30,8,2010,0.0
69,30,8,2011,0.0
69,30,8,2012,44581543.0648
69,30,8,2013,14395941.0488
69,30,8,2014,15288908.2661
69,30,8,2015,0.0
69,30,8,2016,0.0
69,30,9,2000,0.0
69,30,9,2001,22696791.71
69,30,9,2002,0.0
69,30,9,2003,4270973.07307
69,30,9,2004,0.0
69,30,9,2005,0.0
69,30,9,2006,22302918.5286
69,30,9,2007,7197972.04757
69,30,9,2008,7648619.85496
69,30,9,2009,0.0
69,30,9,2010,0.0
69,30,9,2011,0.0
69,30,9,2012,22709159.9604
69,30,9,2013,0.0
69,30,9,2014,4242610.36344
69,30,9,2015,0.0
69,30,9,2016,0.0
69,30,10,2000,131664782.872
69,30,10,2001,42449615.6965
69,30,10,2002,45153456.9874
69,30,10,2003,0.0
69,30,10,2004,0.0
69,30,10,2005,0.0
69,30,10,2006,134063020.118
69,30,10,2007,0.0
69,30,10,2008,24913387.1042
69,30,10,2009,0.0
69,30,10,2010,0.0
69,30,10,2011,114693715.603
69,30,10,2012,34144360.9013
69,30,10,2013,33433352.4504
69,30,10,2014,0.0
69,30,10,2015,0.0
69,30,10,2016,0.0
69,30,11,2000,107440203.231
69,30,11,2001,0.0
69,30,11,2002,19771440.0206
69,30,11,2003,0.0
69,30,11,2004,0.0
69,30,11,2005,105819653.261
69,30,11,2006,33960121.1932
69,30,11,2007,36290062.2148
69,30,11,2008,0.0
69,30,11,2009,0.0
69,30,11,2010,0.0
69,30,11,2011,107747128.689
69,30,11,2012,0.0
69,30,11,2013,19841322.3341
69,30,11,2014,0.0
69,30,11,2015,0.0
69,30,11,2016,106280597.213
69,30,12,2000,5721695.65855
69,30,12,2001,6140719.15682
69,30,12,2002,0.0
69,30,12,2003,0.0
69,30,12,2004,0.0
69,30,12,2005,18232122.4284
69,30,12,2006,0.0
69,30,12,2007,3359669.85435
69,30,12,2008,0.0
69,30,12,2009,0.0
69,30,12,2010,19036208.8704
69,30,12,2011,6368133.79659
69,30,12,2012,7226009.805
69,30,12,2013,0.0
69,30,12,2014,0.0
69,30,12,2015,0.0
69,30,12,2016,22490138.2513
69,30,13,2000,0.0
69,30,13,2001,4210007.92143
69,30,13,2002,0.0
69,30,13,2003,0.0
69,30,13,2004,22866810.5513
69,30,13,2005,7199952.07133
69,30,13,2006,7842002.42574
69,30,13,2007,0.0
69,30,13,2008,0.0
69,30,13,2009,0.0
69,30,13,2010,23283323.1187
69,30,13,2011,0.0
69,30,13,2012,4198303.61523
69,30,13,2013,0.0
69,30,13,2014,0.0
69,30,13,2015,23129801.4972
69,30,13,2016,7202633.67228
69,30,71,2000,8135582.78212
69,30,71,2001,0.0
69,30,71,2002,0.0
69,30,71,2003,0.0
69,30,71,2004,24154978.8424
69,30,71,2005,0.0
69,30,71,2006,4300838.11372
69,30,71,2007,0.0
69,30,71,2008,0.0
69,30,71,2009,24065773.137
69,30,71,2010,7393173.13932
69,30,71,2011,8253177.71775
69,30,71,2012,0.0
69,30,71,2013,0.0
69,30,71,2014,0.0
69,30,71,2015,24504124.4731
69,30,71,2016,0.0
